Workbook

Sheet RAW_CRAWL
A1: Address | B1: Content Type | C1: Status Code | D1: Status | E1: Indexability | F1: Indexability Status | G1: Title 1 | H1: Title 1 Length | I1: Title 1 Pixel Width | J1: Meta Description 1 | K1: Meta Description 1 Length | L1: Meta Description 1 Pixel Width | M1: Meta Keywords 1 | N1: Meta Keywords 1 Length | O1: H1-1 | P1: H1-1 Length | Q1: H1-2 | R1: H1-2 Length | S1: H2-1 | T1: H2-1 Length | U1: H2-2 | V1: H2-2 Length | W1: Meta Robots 1 | X1: X-Robots-Tag 1 | Y1: Meta Refresh 1 | Z1: Canonical Link Element 1 | AA1: rel="next" 1 | AB1: rel="prev" 1 | AC1: HTTP rel="next" 1 | AD1: HTTP rel="prev" 1 | AE1: amphtml Link Element | AF1: Size (bytes) | AG1: Transferred (bytes) | AH1: Total Transferred (bytes) | AI1: CO2 (mg) | AJ1: Carbon Rating | AK1: Word Count | AL1: Sentence Count | AM1: Average Words Per Sentence | AN1: Flesch Reading Ease Score | AO1: Readability | AP1: Text Ratio | AQ1: Crawl Depth | AR1: Folder Depth | AS1: Link Score | AT1: Inlinks | AU1: Unique Inlinks | AV1: Unique JS Inlinks | AW1: % of Total | AX1: Outlinks | AY1: Unique Outlinks | AZ1: Unique JS Outlinks | BA1: External Outlinks | BB1: Unique External Outlinks | BC1: Unique External JS Outlinks | BD1: Closest Similarity Match | BE1: No. Near Duplicates | BF1: Spelling Errors | BG1: Grammar Errors | BH1: Hash | BI1: Response Time | BJ1: Last Modified | BK1: Redirect URL | BL1: Redirect Type | BM1: Cookies | BN1: Language | BO1: HTTP Version | BP1: Mobile Alternate Link | BQ1: URL Encoded Address | BR1: Crawl Timestamp
A2: https://pmb.widyatama.ac.id/ | B2: text/html; charset=UTF-8 | C2: 200 | E2: Indexable | G2: Home - PMB UTama | H2: 16 | I2: 182 | K2: 0 | L2: 0 | N2: 0 | O2: Penerimaan Mahasiswa Baru Universitas Widyatama Bandung | P2: 55 | R2: 0 | S2: Temukan Jalur Kuliah yang Paling Sesuai | T2: 39 | U2: Program Studi Diploma, Sarjana, dan Pascasarjana | V2: 48 | W2: index, follow, max-image-preview:large, max-snippet:-1, max-video-preview:-1 | Z2: https://pmb.widyatama.ac.id/ | AF2: 222241 | AG2: 46607 | AH2: 37100272 | AI2: 13152232 | AJ2: F | AK2: 961 | AL2: 199 | AM2: 4829 | AN2: 0.000 | AO2: Very Hard | AP2: 3528 | AQ2: 0 | AR2: 0 | AT2: 466 | AU2: 77 | AV2: 77 | AW2: 88510 | AX2: 128 | AY2: 32 | AZ2: 0 | BA2: 21 | BB2: 12 | BC2: 4 | BH2: a20e81bc6438e5cebb62cebec82d43c2 | BI2: 3290 | BJ2: Saturday, 15-Aug-2026 09:54:51 GMT | BN2: en-US | BO2: 2.0 | BQ2: https://pmb.widyatama.ac.id/ | BR2: 46249.705
A3: https://pmb.widyatama.ac.id/wp-content/plugins/popup-maker/dist/packages/block-library-style.css?ver=7424eb959f91acb8bbb2 | B3: text/html; charset=UTF-8 | C3: 404 | D3: Aborted | E3: Non-Indexable | F3: Client Error | H3: 0 | I3: 0 | K3: 0 | L3: 0 | N3: 0 | P3: 0 | R3: 0 | T3: 0 | V3: 0 | AF3: 0 | AG3: 0 | AH3: 0 | AI3: 0.000 | AJ3: A+ | AK3: 0 | AP3: 0.000 | AQ3: 1 | AR3: 5 | AT3: 0 | AU3: 0 | AV3: 0 | AW3: 0.000 | AX3: 0 | AY3: 0 | AZ3: 0 | BA3: 0 | BB3: 0 | BC3: 0 | BI3: 21137 | BQ3: https://pmb.widyatama.ac.id/wp-content/plugins/popup-maker/dist/packages/block-library-style.css?ver=7424eb959f91acb8bbb2 | BR3: 46249.705
A4: https://pmb.widyatama.ac.id/cdn-cgi/l/email-protection | B4: text/html | C4: 404 | E4: Non-Indexable | F4: Client Error | H4: 0 | I4: 0 | K4: 0 | L4: 0 | N4: 0 | P4: 0 | R4: 0 | T4: 0 | V4: 0 | AF4: 4741 | AG4: 2125 | AH4: 6745 | AI4: 2391 | AJ4: A+ | AK4: 0 | AP4: 0.000 | AQ4: 1 | AR4: 2 | AT4: 9 | AU4: 3 | AV4: 0 | AW4: 3450 | AX4: 0 | AY4: 0 | AZ4: 0 | BA4: 0 | BB4: 0 | BC4: 0 | BI4: 0.205 | BO4: 2.0 | BQ4: https://pmb.widyatama.ac.id/cdn-cgi/l/email-protection | BR4: 46249.705
A5: https://pmb.widyatama.ac.id/sitemap/ | B5: text/html; charset=UTF-8 | C5: 404 | E5: Non-Indexable | F5: Client Error | H5: 0 | I5: 0 | K5: 0 | L5: 0 | N5: 0 | P5: 0 | R5: 0 | T5: 0 | V5: 0 | AF5: 120598 | AG5: 28660 | AH5: 898177 | AI5: 318408 | AJ5: B | AK5: 0 | AP5: 0.000 | AQ5: 1 | AR5: 1 | AT5: 77 | AU5: 77 | AV5: 0 | AW5: 88510 | AX5: 0 | AY5: 0 | AZ5: 0 | BA5: 0 | BB5: 0 | BC5: 0 | BI5: 3024 | BO5: 2.0 | BQ5: https://pmb.widyatama.ac.id/sitemap/ | BR5: 46249.705
A6: https://pmb.widyatama.ac.id/usm-tpa/ | B6: text/html; charset=UTF-8 | C6: 404 | E6: Non-Indexable | F6: Client Error | H6: 0 | I6: 0 | K6: 0 | L6: 0 | N6: 0 | P6: 0 | R6: 0 | T6: 0 | V6: 0 | AF6: 120598 | AG6: 28666 | AH6: 898189 | AI6: 318412 | AJ6: B | AK6: 0 | AP6: 0.000 | AQ6: 1 | AR6: 1 | AT6: 1 | AU6: 1 | AV6: 0 | AW6: 1150 | AX6: 0 | AY6: 0 | AZ6: 0 | BA6: 0 | BB6: 0 | BC6: 0 | BI6: 3661 | BO6: 2.0 | BQ6: https://pmb.widyatama.ac.id/usm-tpa/ | BR6: 46249.705
A7: https://pmb.widyatama.ac.id/petunjuk-pendaftaran/ | B7: text/html; charset=UTF-8 | C7: 200 | E7: Indexable | G7: Petunjuk Pendaftaran - PMB UTama | H7: 32 | I7: 322 | K7: 0 | L7: 0 | N7: 0 | O7: Petunjuk Pendaftaran Mahasiswa Baru Universitas Widyatama | P7: 57 | R7: 0 | S7: Buat akun PMB lebih dulu, lalu ikuti setiap tahap dengan urut. | T7: 62 | U7: Cara Mudah Daftar Kuliah Online | V7: 31 | W7: index, follow, max-image-preview:large, max-snippet:-1, max-video-preview:-1 | Z7: https://pmb.widyatama.ac.id/petunjuk-pendaftaran/ | AF7: 175545 | AG7: 38335 | AH7: 3734312 | AI7: 1323832 | AJ7: F | AK7: 943 | AL7: 197 | AM7: 4787 | AN7: 13847 | AO7: Very Hard | AP7: 3382 | AQ7: 1 | AR7: 1 | AT7: 334 | AU7: 77 | AV7: 80 | AW7: 88510 | AX7: 139 | AY7: 30 | AZ7: 1 | BA7: 17 | BB7: 9 | BC7: 4 | BH7: a2d3f3de39b760ce0970219c23bc52b8 | BI7: 0.098 | BJ7: Saturday, 15-Aug-2026 09:55:42 GMT | BN7: en-US | BO7: None | BQ7: https://pmb.widyatama.ac.id/petunjuk-pendaftaran/ | BR7: 46249.705
A8: https://pmb.widyatama.ac.id/jenjang-pendidikan/ | B8: text/html; charset=UTF-8 | C8: 200 | E8: Indexable | G8: Jenjang Pendidikan - PMB UTama | H8: 30 | I8: 303 | K8: 0 | L8: 0 | N8: 0 | O8: Jenjang Pendidikan Universitas Widyatama: Diploma, Sarjana, Pascasarjana, dan Doktoral | P8: 86 | R8: 0 | S8: Konsultasi singkat untuk tahu jenjang yang paling sesuai. | T8: 57 | U8: Mana Jenjang yang Cocok Buatmu? | V8: 31 | W8: index, follow, max-image-preview:large, max-snippet:-1, max-video-preview:-1 | Z8: https://pmb.widyatama.ac.id/jenjang-pendidikan/ | AF8: 215138 | AG8: 46196 | AH8: 2434454 | AI8: 863026 | AJ8: F | AK8: 1532 | AL8: 289 | AM8: 5301 | AN8: 10221 | AO8: Very Hard | AP8: 4366 | AQ8: 1 | AR8: 1 | AT8: 332 | AU8: 77 | AV8: 76 | AW8: 88510 | AX8: 165 | AY8: 54 | AZ8: 0 | BA8: 23 | BB8: 13 | BC8: 8 | BH8: fe78e3bec59564785a59504aa8a6fc32 | BI8: 0.141 | BJ8: Saturday, 15-Aug-2026 09:55:44 GMT | BN8: en-US | BO8: 2.0 | BQ8: https://pmb.widyatama.ac.id/jenjang-pendidikan/ | BR8: 46249.705
A9: https://pmb.widyatama.ac.id/privacy-policy/ | B9: text/html; charset=UTF-8 | C9: 200 | E9: Indexable | G9: Privacy Policy - PMB UTama | H9: 26 | I9: 251 | K9: 0 | L9: 0 | N9: 0 | O9: Kebijakan Privasi Website PMB Universitas Widyatama | P9: 51 | R9: 0 | S9: Universitas Widyatama memproses data secara sah, terbatas, dan bertanggung jawab. | T9: 81 | U9: Empat Hal yang Perlu Anda Ketahui | V9: 33 | W9: index, follow, max-image-preview:large, max-snippet:-1, max-video-preview:-1 | Z9: https://pmb.widyatama.ac.id/privacy-policy/ | AF9: 178267 | AG9: 41064 | AH9: 2369801 | AI9: 840106 | AJ9: E | AK9: 1700 | AL9: 287 | AM9: 5923 | AN9: 0.000 | AO9: Very Hard | AP9: 5997 | AQ9: 1 | AR9: 1 | AT9: 107 | AU9: 77 | AV9: 2 | AW9: 88510 | AX9: 134 | AY9: 29 | AZ9: 0 | BA9: 14 | BB9: 8 | BC9: 3 | BH9: 401e2e4a0ccb7c9dda5bf523b930781a | BI9: 3159 | BJ9: Saturday, 15-Aug-2026 09:55:46 GMT | BN9: en-US | BO9: 2.0 | BQ9: https://pmb.widyatama.ac.id/privacy-policy/ | BR9: 46249.705
A10: https://pmb.widyatama.ac.id/cookie-policy/ | B10: text/html; charset=UTF-8 | C10: 200 | E10: Indexable | G10: cookie policy - PMB UTama | H10: 25 | I10: 243 | K10: 0 | L10: 0 | N10: 0 | O10: Kebijakan Cookie Website PMB Universitas Widyatama | P10: 50 | R10: 0 | S10: Cookies membantu website bekerja, tetapi pengguna tetap perlu tahu dan tetap punya kendali. | T10: 91 | U10: Empat Hal yang Perlu Anda Ketahui | V10: 33 | W10: index, follow, max-image-preview:large, max-snippet:-1, max-video-preview:-1 | Z10: https://pmb.widyatama.ac.id/cookie-policy/ | AF10: 176891 | AG10: 40040 | AH10: 2371646 | AI10: 840760 | AJ10: E | AK10: 1278 | AL10: 220 | AM10: 5809 | AN10: 0.000 | AO10: Very Hard | AP10: 4702 | AQ10: 1 | AR10: 1 | AT10: 99 | AU10: 77 | AV10: 1 | AW10: 88510 | AX10: 136 | AY10: 29 | AZ10: 1 | BA10: 12 | BB10: 8 | BC10: 3 | BH10: d062b2afab0c590f5e86ae2e3944feba | BI10: 0.111 | BJ10: Saturday, 15-Aug-2026 09:55:52 GMT | BN10: en-US | BO10: None | BQ10: https://pmb.widyatama.ac.id/cookie-policy/ | BR10: 46249.705
A11: https://pmb.widyatama.ac.id/biaya-kuliah-pascasarjana/ | B11: text/html; charset=UTF-8 | C11: 200 | E11: Indexable | G11: Biaya Kuliah Pascasarjana - PMB UTama | H11: 37 | I11: 366 | K11: 0 | L11: 0 | N11: 0 | O11: Biaya Kuliah Pascasarjana Widyatama Bandung 2026/2027 | P11: 53 | R11: 0 | S11: Biaya Pascasarjana tidak selalu dibaca dengan cara yang sama. | T11: 61 | U11: Simulasi Biaya Pascasarjana | V11: 27 | W11: index, follow, max-image-preview:large, max-snippet:-1, max-video-preview:-1 | Z11: https://pmb.widyatama.ac.id/biaya-kuliah-pascasarjana/ | AF11: 223170 | AG11: 47024 | AH11: 2345517 | AI11: 831498 | AJ11: E | AK11: 1306 | AL11: 237 | AM11: 5511 | AN11: 23038 | AO11: Very Hard | AP11: 3700 | AQ11: 1 | AR11: 1 | AT11: 333 | AU11: 77 | AV11: 76 | AW11: 88510 | AX11: 129 | AY11: 29 | AZ11: 1 | BA11: 16 | BB11: 8 | BC11: 3 | BH11: 3a62e661b9c165c6386f7c8bfde05de8 | BI11: 0.094 | BJ11: Saturday, 15-Aug-2026 09:55:53 GMT | BN11: en-US | BO11: None | BQ11: https://pmb.widyatama.ac.id/biaya-kuliah-pascasarjana/ | BR11: 46249.705
A12: https://pmb.widyatama.ac.id/mahasiswa-internasional/ | B12: text/html; charset=UTF-8 | C12: 200 | E12: Indexable | G12: Mahasiswa Internasional - PMB UTama | H12: 35 | I12: 352 | K12: 0 | L12: 0 | N12: 0 | O12: Mahasiswa Internasional Universitas Widyatama | P12: 45 | R12: 0 | S12: Siapkan dokumen akademik dan identitas sebelum memulai pendaftaran. | T12: 67 | U12: Apa yang Perlu Disiapkan Sebelum Mendaftar? | V12: 43 | W12: index, follow, max-image-preview:large, max-snippet:-1, max-video-preview:-1 | Z12: https://pmb.widyatama.ac.id/mahasiswa-internasional/ | AF12: 166543 | AG12: 37187 | AH12: 13809173 | AI12: 4895421 | AJ12: F | AK12: 668 | AL12: 142 | AM12: 4704 | AN12: 0.000 | AO12: Very Hard | AP12: 2946 | AQ12: 1 | AR12: 1 | AT12: 323 | AU12: 77 | AV12: 76 | AW12: 88510 | AX12: 132 | AY12: 31 | AZ12: 1 | BA12: 15 | BB12: 8 | BC12: 3 | BH12: c5ae0eee17e720e69e88c30d34b9438b | BI12: 0.101 | BJ12: Saturday, 15-Aug-2026 09:55:58 GMT | BN12: en-US | BO12: None | BQ12: https://pmb.widyatama.ac.id/mahasiswa-internasional/ | BR12: 46249.706
A13: https://pmb.widyatama.ac.id/output-lulusan/ | B13: text/html; charset=UTF-8 | C13: 200 | E13: Indexable | G13: Output Lulusan - PMB UTama | H13: 26 | I13: 263 | K13: 0 | L13: 0 | N13: 0 | O13: Output Lulusan Universitas Widyatama | P13: 36 | R13: 0 | S13: Halaman ini menjelaskan dokumen dan sertifikasi yang menjadi output setelah lulus. | T13: 82 | U13: Tidak Hanya Ijazah, tetapi Juga Bukti Kompetensi | V13: 48 | W13: index, follow, max-image-preview:large, max-snippet:-1, max-video-preview:-1 | Z13: https://pmb.widyatama.ac.id/output-lulusan/ | AF13: 155013 | AG13: 35332 | AH13: 2683647 | AI13: 951366 | AJ13: F | AK13: 346 | AL13: 77 | AM13: 4494 | AN13: 0.000 | AO13: Very Hard | AP13: 2056 | AQ13: 1 | AR13: 1 | AT13: 316 | AU13: 77 | AV13: 76 | AW13: 88510 | AX13: 127 | AY13: 28 | AZ13: 0 | BA13: 8 | BB13: 7 | BC13: 2 | BH13: c40c6727e76f0a4013fda4e11f1aa632 | BI13: 0.265 | BJ13: Saturday, 15-Aug-2026 09:56:08 GMT | BN13: en-US | BO13: None | BQ13: https://pmb.widyatama.ac.id/output-lulusan/ | BR13: 46249.706
A14: https://pmb.widyatama.ac.id/output-lulusan/GANTI_URL_GAMBAR_SAP | B14: text/html; charset=UTF-8 | C14: 404 | E14: Non-Indexable | F14: Client Error | H14: 0 | I14: 0 | K14: 0 | L14: 0 | N14: 0 | P14: 0 | R14: 0 | T14: 0 | V14: 0 | AF14: 0 | AG14: 40486 | AH14: 40486 | AI14: 14352 | AJ14: A+ | AK14: 0 | AP14: 0.000 | AQ14: 2 | AR14: 1 | AT14: 0 | AU14: 0 | AV14: 0 | AW14: 0.000 | AX14: 0 | AY14: 0 | AZ14: 0 | BA14: 0 | BB14: 0 | BC14: 0 | BI14: 6309 | BO14: None | BQ14: https://pmb.widyatama.ac.id/output-lulusan/GANTI_URL_GAMBAR_SAP | BR14: 46249.706
A15: https://pmb.widyatama.ac.id/output-lulusan/GANTI_URL_GAMBAR_TRANSKRIP | B15: text/html; charset=UTF-8 | C15: 404 | E15: Non-Indexable | F15: Client Error | H15: 0 | I15: 0 | K15: 0 | L15: 0 | N15: 0 | P15: 0 | R15: 0 | T15: 0 | V15: 0 | AF15: 0 | AG15: 120313 | AH15: 120313 | AI15: 42652 | AJ15: A+ | AK15: 0 | AP15: 0.000 | AQ15: 2 | AR15: 1 | AT15: 0 | AU15: 0 | AV15: 0 | AW15: 0.000 | AX15: 0 | AY15: 0 | AZ15: 0 | BA15: 0 | BB15: 0 | BC15: 0 | BI15: 4907 | BO15: None | BQ15: https://pmb.widyatama.ac.id/output-lulusan/GANTI_URL_GAMBAR_TRANSKRIP | BR15: 46249.706
A16: https://pmb.widyatama.ac.id/output-lulusan/GANTI_URL_GAMBAR_BNSP | B16: text/html; charset=UTF-8 | C16: 404 | E16: Non-Indexable | F16: Client Error | H16: 0 | I16: 0 | K16: 0 | L16: 0 | N16: 0 | P16: 0 | R16: 0 | T16: 0 | V16: 0 | AF16: 0 | AG16: 34850 | AH16: 34850 | AI16: 12354 | AJ16: A+ | AK16: 0 | AP16: 0.000 | AQ16: 2 | AR16: 1 | AT16: 0 | AU16: 0 | AV16: 0 | AW16: 0.000 | AX16: 0 | AY16: 0 | AZ16: 0 | BA16: 0 | BB16: 0 | BC16: 0 | BI16: 6139 | BO16: None | BQ16: https://pmb.widyatama.ac.id/output-lulusan/GANTI_URL_GAMBAR_BNSP | BR16: 46249.706
A17: https://pmb.widyatama.ac.id/output-lulusan/GANTI_URL_GAMBAR_IJAZAH | B17: text/html; charset=UTF-8 | C17: 404 | E17: Non-Indexable | F17: Client Error | H17: 0 | I17: 0 | K17: 0 | L17: 0 | N17: 0 | P17: 0 | R17: 0 | T17: 0 | V17: 0 | AF17: 0 | AG17: 120307 | AH17: 120307 | AI17: 42649 | AJ17: A+ | AK17: 0 | AP17: 0.000 | AQ17: 2 | AR17: 1 | AT17: 0 | AU17: 0 | AV17: 0 | AW17: 0.000 | AX17: 0 | AY17: 0 | AZ17: 0 | BA17: 0 | BB17: 0 | BC17: 0 | BI17: 4039 | BO17: None | BQ17: https://pmb.widyatama.ac.id/output-lulusan/GANTI_URL_GAMBAR_IJAZAH | BR17: 46249.706
A18: https://pmb.widyatama.ac.id/output-lulusan/GANTI_URL_GAMBAR_SKPI | B18: text/html; charset=UTF-8 | C18: 404 | E18: Non-Indexable | F18: Client Error | H18: 0 | I18: 0 | K18: 0 | L18: 0 | N18: 0 | P18: 0 | R18: 0 | T18: 0 | V18: 0 | AF18: 0 | AG18: 8123 | AH18: 8123 | AI18: 2880 | AJ18: A+ | AK18: 0 | AP18: 0.000 | AQ18: 2 | AR18: 1 | AT18: 0 | AU18: 0 | AV18: 0 | AW18: 0.000 | AX18: 0 | AY18: 0 | AZ18: 0 | BA18: 0 | BB18: 0 | BC18: 0 | BI18: 6158 | BO18: None | BQ18: https://pmb.widyatama.ac.id/output-lulusan/GANTI_URL_GAMBAR_SKPI | BR18: 46249.706
A19: https://pmb.widyatama.ac.id/beasiswa-mahasiswa-aktif/ | B19: text/html; charset=UTF-8 | C19: 200 | E19: Indexable | G19: Beasiswa Mahasiswa Aktif - PMB UTama | H19: 36 | I19: 369 | K19: 0 | L19: 0 | N19: 0 | O19: Beasiswa Mahasiswa Aktif Universitas Widyatama | P19: 46 | R19: 0 | S19: Beasiswa ini berlaku setelah calon mahasiswa resmi menjadi mahasiswa aktif. | T19: 75 | U19: Ada Peluang Beasiswa Setelah Menjadi Mahasiswa Aktif | V19: 52 | W19: index, follow, max-image-preview:large, max-snippet:-1, max-video-preview:-1 | Z19: https://pmb.widyatama.ac.id/beasiswa-mahasiswa-aktif/ | AF19: 154131 | AG19: 35009 | AH19: 2359730 | AI19: 836536 | AJ19: E | AK19: 458 | AL19: 131 | AM19: 3496 | AN19: 11366 | AO19: Very Hard | AP19: 2383 | AQ19: 1 | AR19: 1 | AT19: 316 | AU19: 77 | AV19: 76 | AW19: 88510 | AX19: 127 | AY19: 29 | AZ19: 0 | BA19: 8 | BB19: 7 | BC19: 2 | BH19: c573cedd5f4118e1c089b7888c4a266b | BI19: 0.150 | BJ19: Saturday, 15-Aug-2026 09:56:14 GMT | BN19: en-US | BO19: None | BQ19: https://pmb.widyatama.ac.id/beasiswa-mahasiswa-aktif/ | BR19: 46249.706
A20: https://pmb.widyatama.ac.id/program-rpl/ | B20: text/html; charset=UTF-8 | C20: 200 | E20: Indexable | G20: Program RPL - PMB UTama | H20: 23 | I20: 245 | K20: 0 | L20: 0 | N20: 0 | O20: Program RPL Widyatama Bandung: Rekognisi Pengalaman Kerja & Pembelajaran Lampau | P20: 79 | R20: 0 | S20: Sudah punya pengalaman kerja, pernah kuliah, atau punya sertifikasi? | T20: 68 | U20: Sudah Punya Pengalaman? Saatnya Cek Potensi Rekognisi Anda | V20: 58 | W20: index, follow, max-image-preview:large, max-snippet:-1, max-video-preview:-1 | Z20: https://pmb.widyatama.ac.id/program-rpl/ | AF20: 216360 | AG20: 45408 | AH20: 3130406 | AI20: 1109745 | AJ20: F | AK20: 1552 | AL20: 260 | AM20: 5969 | AN20: 10699 | AO20: Very Hard | AP20: 4416 | AQ20: 1 | AR20: 1 | AT20: 330 | AU20: 77 | AV20: 76 | AW20: 88510 | AX20: 160 | AY20: 51 | AZ20: 1 | BA20: 19 | BB20: 8 | BC20: 3 | BH20: e489ccee94e009b0984b4f1ce884fe0a | BI20: 0.388 | BJ20: Saturday, 15-Aug-2026 09:56:12 GMT | BN20: en-US | BO20: None | BQ20: https://pmb.widyatama.ac.id/program-rpl/ | BR20: 46249.706
A21: https://pmb.widyatama.ac.id/biaya-kuliah-kelas-karyawan/ | B21: text/html; charset=UTF-8 | C21: 200 | E21: Indexable | G21: Biaya Kuliah Kelas Karyawan - PMB UTama | H21: 39 | I21: 386 | K21: 0 | L21: 0 | N21: 0 | O21: Biaya Kuliah Kelas Karyawan Widyatama Bandung 2026/2027 | P21: 55 | R21: 0 | S21: Butuh skema biaya yang lebih mudah direncanakan? | T21: 48 | U21: Simulasi Biaya Kelas Karyawan | V21: 29 | W21: index, follow, max-image-preview:large, max-snippet:-1, max-video-preview:-1 | Z21: https://pmb.widyatama.ac.id/biaya-kuliah-kelas-karyawan/ | AF21: 228505 | AG21: 48568 | AH21: 2344527 | AI21: 831147 | AJ21: E | AK21: 1256 | AL21: 195 | AM21: 6441 | AN21: 19310 | AO21: Very Hard | AP21: 3706 | AQ21: 1 | AR21: 1 | AT21: 333 | AU21: 77 | AV21: 76 | AW21: 88510 | AX21: 130 | AY21: 29 | AZ21: 0 | BA21: 16 | BB21: 8 | BC21: 3 | BH21: d7620fe32c20cc691c4f96210da7f795 | BI21: 0.218 | BJ21: Saturday, 15-Aug-2026 09:56:16 GMT | BN21: en-US | BO21: None | BQ21: https://pmb.widyatama.ac.id/biaya-kuliah-kelas-karyawan/ | BR21: 46249.706
A22: https://pmb.widyatama.ac.id/jurusan/ | B22: text/html; charset=UTF-8 | C22: 200 | E22: Indexable | G22: Jurusan - PMB UTama | H22: 19 | I22: 201 | K22: 0 | L22: 0 | N22: 0 | O22: Daftar Jurusan di Universitas Widyatama Bandung | P22: 47 | R22: 0 | S22: Mulai dari minat, jenjang, dan prospek karier yang Anda tuju. | T22: 61 | U22: Pencarian | V22: 9 | W22: index, follow, max-image-preview:large, max-snippet:-1, max-video-preview:-1 | Z22: https://pmb.widyatama.ac.id/jurusan/ | AF22: 194593 | AG22: 41500 | AH22: 27480260 | AI22: 9741890 | AJ22: F | AK22: 526 | AL22: 172 | AM22: 3058 | AN22: 0.000 | AO22: Very Hard | AP22: 2245 | AQ22: 1 | AR22: 1 | AT22: 377 | AU22: 77 | AV22: 77 | AW22: 88510 | AX22: 167 | AY22: 80 | AZ22: 0 | BA22: 14 | BB22: 8 | BC22: 3 | BH22: cda17362fd9d8bab8f3757cbdcdfe342 | BI22: 0.224 | BJ22: Saturday, 15-Aug-2026 09:56:10 GMT | BN22: en-US | BO22: None | BQ22: https://pmb.widyatama.ac.id/jurusan/ | BR22: 46249.706
A23: https://pmb.widyatama.ac.id/blog/ | B23: text/html; charset=UTF-8 | C23: 200 | E23: Indexable | G23: Blog - PMB UTama | H23: 16 | I23: 168 | K23: 0 | L23: 0 | N23: 0 | O23: The Rapid Advancement of Digital Technology | P23: 43 | Q23: Democracy in Indonesia: Why It Feels Weak at the Grassroots | R23: 59 | S23: Search | T23: 6 | U23: Categories | V23: 10 | W23: index, follow, max-image-preview:large, max-snippet:-1, max-video-preview:-1 | Z23: https://pmb.widyatama.ac.id/blog/ | AF23: 172841 | AG23: 33714 | AH23: 2943781 | AI23: 1043585 | AJ23: F | AK23: 319 | AL23: 82 | AM23: 3890 | AN23: 70815 | AO23: Fairly Easy | AP23: 1610 | AQ23: 1 | AR23: 1 | AT23: 317 | AU23: 77 | AV23: 76 | AW23: 88510 | AX23: 149 | AY23: 39 | AZ23: 0 | BA23: 8 | BB23: 7 | BC23: 2 | BH23: 5bd6aad56c78051ff764117d1cae49cf | BI23: 0.222 | BJ23: Saturday, 15-Aug-2026 09:56:23 GMT | BN23: en-US | BO23: None | BQ23: https://pmb.widyatama.ac.id/blog/ | BR23: 46249.706
A24: https://pmb.widyatama.ac.id/biaya-kuliah-kelas-reguler/ | B24: text/html; charset=UTF-8 | C24: 200 | E24: Indexable | G24: Biaya Kuliah Kelas Reguler - PMB UTama | H24: 38 | I24: 364 | K24: 0 | L24: 0 | N24: 0 | O24: Biaya Kuliah Kelas Reguler Widyatama Bandung 2026/2027 | P24: 54 | R24: 0 | S24: Butuh memahami total biaya sebelum daftar? | T24: 42 | V24: 0 | W24: index, follow, max-image-preview:large, max-snippet:-1, max-video-preview:-1 | Z24: https://pmb.widyatama.ac.id/biaya-kuliah-kelas-reguler/ | AF24: 239794 | AG24: 50093 | AH24: 2345423 | AI24: 831464 | AJ24: E | AK24: 1937 | AL24: 622 | AM24: 3114 | AN24: 73040 | AO24: Fairly Easy | AP24: 4269 | AQ24: 1 | AR24: 1 | AT24: 362 | AU24: 77 | AV24: 77 | AW24: 88510 | AX24: 130 | AY24: 28 | AZ24: 0 | BA24: 16 | BB24: 8 | BC24: 3 | BH24: 4e1e99d197c7d1a3bbc5d241bff918be | BI24: 0.099 | BJ24: Saturday, 15-Aug-2026 09:56:28 GMT | BN24: en-US | BO24: None | BQ24: https://pmb.widyatama.ac.id/biaya-kuliah-kelas-reguler/ | BR24: 46249.706
A25: https://online.pmb.widyatama.ac.id/ | B25: text/html; charset=utf-8 | C25: 200 | E25: Indexable | G25: PMB | Universitas Widyatama | H25: 27 | I25: 262 | K25: 0 | L25: 0 | N25: 0 | O25: Program PMB | P25: 11 | R25: 0 | T25: 0 | V25: 0 | AF25: 22201 | AG25: 5693 | AH25: 963140 | AI25: 341438 | AJ25: C | AK25: 195 | AL25: 53 | AM25: 3679 | AN25: 37805 | AO25: Hard | AP25: 6433 | AQ25: 1 | AR25: 0 | AT25: 605 | AU25: 87 | AV25: 78 | AW25: 100000 | AX25: 13 | AY25: 11 | AZ25: 0 | BA25: 2 | BB25: 2 | BC25: 0 | BH25: daa80905eee0e777d0b807d8b4aafa1c | BI25: 0.251 | BN25: en | BO25: 2.0 | BQ25: https://online.pmb.widyatama.ac.id/ | BR25: 46249.706
A26: https://pmb.widyatama.ac.id/aktivitas-civitas/ | B26: text/html; charset=UTF-8 | C26: 200 | E26: Indexable | G26: Aktivitas Civitas - PMB UTama | H26: 29 | I26: 270 | K26: 0 | L26: 0 | N26: 0 | O26: The Rapid Advancement of Digital Technology | P26: 43 | Q26: Democracy in Indonesia: Why It Feels Weak at the Grassroots | R26: 59 | S26: Berbagai Aktivitas Sivitas di Universitas Widyatama | T26: 51 | U26: Fasilitas | V26: 9 | W26: index, follow, max-image-preview:large, max-snippet:-1, max-video-preview:-1 | Z26: https://pmb.widyatama.ac.id/aktivitas-civitas/ | AF26: 152369 | AG26: 32837 | AH26: 3320960 | AI26: 1177297 | AJ26: F | AK26: 162 | AL26: 44 | AM26: 3682 | AN26: 31287 | AO26: Hard | AP26: 1351 | AQ26: 1 | AR26: 1 | AT26: 320 | AU26: 77 | AV26: 76 | AW26: 88510 | AX26: 122 | AY26: 35 | AZ26: 0 | BA26: 8 | BB26: 7 | BC26: 2 | BH26: edfffc6c3beae9324d073c7621802369 | BI26: 0.101 | BJ26: Saturday, 15-Aug-2026 09:56:34 GMT | BN26: en-US | BO26: None | BQ26: https://pmb.widyatama.ac.id/aktivitas-civitas/ | BR26: 46249.706
A27: https://pmb.widyatama.ac.id/program-pascasarjana/ | B27: text/html; charset=UTF-8 | C27: 200 | E27: Indexable | G27: Program Pascasarjana - PMB UTama | H27: 32 | I27: 332 | K27: 0 | L27: 0 | N27: 0 | O27: Program Pascasarjana Widyatama Bandung untuk Pengembangan Karier, Riset, dan Kepakaran | P27: 86 | R27: 0 | S27: Masih membandingkan S2, S3, atau program profesi? | T27: 49 | U27: Mulai Langkah Studi Pascasarjana di Widyatama | V27: 45 | W27: index, follow, max-image-preview:large, max-snippet:-1, max-video-preview:-1 | Z27: https://pmb.widyatama.ac.id/program-pascasarjana/ | AF27: 197423 | AG27: 41954 | AH27: 2177616 | AI27: 771976 | AJ27: E | AK27: 1045 | AL27: 179 | AM27: 5838 | AN27: 0.000 | AO27: Very Hard | AP27: 3595 | AQ27: 1 | AR27: 1 | AT27: 325 | AU27: 77 | AV27: 76 | AW27: 88510 | AX27: 134 | AY27: 30 | AZ27: 2 | BA27: 23 | BB27: 12 | BC27: 3 | BH27: 2f64f1d152046fa82dfa3568f4e801d5 | BI27: 0.111 | BJ27: Saturday, 15-Aug-2026 09:56:37 GMT | BN27: en-US | BO27: None | BQ27: https://pmb.widyatama.ac.id/program-pascasarjana/ | BR27: 46249.706
A28: https://pmb.widyatama.ac.id/cek-jalur-pendaftaran/ | B28: text/html; charset=UTF-8 | C28: 200 | E28: Indexable | G28: Cek Jalur Pendaftaran - PMB UTama | H28: 33 | I28: 326 | K28: 0 | L28: 0 | N28: 0 | O28: Kalkulator Jalur & Beasiswa PMB Universitas Widyatama | P28: 53 | R28: 0 | S28: Gunakan hasil simulasi untuk menentukan langkah pendaftaran berikutnya. | T28: 71 | U28: Gunakan Data yang Sudah Dimiliki Calon Mahasiswa | V28: 48 | W28: index, follow, max-image-preview:large, max-snippet:-1, max-video-preview:-1 | Z28: https://pmb.widyatama.ac.id/cek-jalur-pendaftaran/ | AF28: 188679 | AG28: 42962 | AH28: 1135376 | AI28: 402496 | AJ28: C | AK28: 596 | AL28: 154 | AM28: 3870 | AN28: 3046 | AO28: Very Hard | AP28: 2370 | AQ28: 1 | AR28: 1 | AT28: 159 | AU28: 77 | AV28: 77 | AW28: 88510 | AX28: 113 | AY28: 28 | AZ28: 0 | BA28: 9 | BB28: 8 | BC28: 2 | BH28: 5190830b49f82338c8a28484ea38b206 | BI28: 2479 | BJ28: Saturday, 15-Aug-2026 09:56:46 GMT | BN28: en-US | BO28: 2.0 | BQ28: https://pmb.widyatama.ac.id/cek-jalur-pendaftaran/ | BR28: 46249.706
A29: https://pmb.widyatama.ac.id/program-reguler/ | B29: text/html; charset=UTF-8 | C29: 200 | E29: Indexable | G29: Program Reguler - PMB UTama | H29: 27 | I29: 276 | K29: 0 | L29: 0 | N29: 0 | O29: Program Reguler Widyatama Bandung: Kuliah D3, D4, dan S1 untuk Lulusan SMA/SMK/MA | P29: 81 | R29: 0 | S29: Masih bingung memilih prodi, jalur, atau estimasi biaya? | T29: 56 | U29: Mulai Rencanakan Kuliah Reguler di Widyatama | V29: 44 | W29: index, follow, max-image-preview:large, max-snippet:-1, max-video-preview:-1 | Z29: https://pmb.widyatama.ac.id/program-reguler/ | AF29: 213922 | AG29: 44908 | AH29: 2867016 | AI29: 1016372 | AJ29: F | AK29: 1433 | AL29: 254 | AM29: 5642 | AN29: 3453 | AO29: Very Hard | AP29: 4231 | AQ29: 1 | AR29: 1 | AT29: 320 | AU29: 77 | AV29: 76 | AW29: 88510 | AX29: 178 | AY29: 50 | AZ29: 0 | BA29: 19 | BB29: 8 | BC29: 3 | BH29: ee53e78bd236478123b92c94ffa2f6c9 | BI29: 0.119 | BJ29: Saturday, 15-Aug-2026 09:56:40 GMT | BN29: en-US | BO29: None | BQ29: https://pmb.widyatama.ac.id/program-reguler/ | BR29: 46249.706
A30: https://pmb.widyatama.ac.id/program-kelas-karyawan/ | B30: text/html; charset=UTF-8 | C30: 200 | E30: Indexable | G30: Program Kelas Karyawan - PMB UTama | H30: 34 | I30: 353 | K30: 0 | L30: 0 | N30: 0 | O30: Program Kelas Karyawan Widyatama Bandung untuk Kuliah Sambil Kerja | P30: 66 | R30: 0 | S30: Masih ragu jadwal kuliah cocok dengan pekerjaan Anda? | T30: 53 | U30: Mulai Langkah Naik Level Karier dengan Kelas Karyawan Widyatama | V30: 63 | W30: index, follow, max-image-preview:large, max-snippet:-1, max-video-preview:-1 | Z30: https://pmb.widyatama.ac.id/program-kelas-karyawan/ | AF30: 204815 | AG30: 42450 | AH30: 2487114 | AI30: 881694 | AJ30: F | AK30: 1636 | AL30: 300 | AM30: 5453 | AN30: 1125 | AO30: Very Hard | AP30: 4859 | AQ30: 1 | AR30: 1 | AT30: 318 | AU30: 77 | AV30: 76 | AW30: 88510 | AX30: 173 | AY30: 46 | AZ30: 0 | BA30: 23 | BB30: 9 | BC30: 4 | BH30: 16880b60e16c1d453dda67e1bcbdce3f | BI30: 1907 | BJ30: Saturday, 15-Aug-2026 09:56:49 GMT | BN30: en-US | BO30: 2.0 | BQ30: https://pmb.widyatama.ac.id/program-kelas-karyawan/ | BR30: 46249.706
A31: https://pmb.widyatama.ac.id/pengumuman-hasil-seleksi/ | B31: text/html; charset=UTF-8 | C31: 404 | E31: Non-Indexable | F31: Client Error | H31: 0 | I31: 0 | K31: 0 | L31: 0 | N31: 0 | P31: 0 | R31: 0 | T31: 0 | V31: 0 | AF31: 120632 | AG31: 28178 | AH31: 897539 | AI31: 318182 | AJ31: B | AK31: 0 | AP31: 0.000 | AQ31: 1 | AR31: 1 | AT31: 1 | AU31: 1 | AV31: 0 | AW31: 1150 | AX31: 0 | AY31: 0 | AZ31: 0 | BA31: 0 | BB31: 0 | BC31: 0 | BI31: 2671 | BO31: 2.0 | BQ31: https://pmb.widyatama.ac.id/pengumuman-hasil-seleksi/ | BR31: 46249.706
A32: https://pmb.widyatama.ac.id/fasilitas/ | B32: text/html; charset=UTF-8 | C32: 200 | E32: Indexable | G32: Fasilitas - PMB UTama | H32: 21 | I32: 203 | K32: 0 | L32: 0 | N32: 0 | O32: Fasilitas Universitas Widyatama | P32: 31 | R32: 0 | S32: Lingkungan kampus dirancang untuk mendukung belajar, berkolaborasi, dan berkembang. | T32: 83 | U32: Jelajahi Fasilitas Berdasarkan Kebutuhan | V32: 40 | W32: index, follow, max-image-preview:large, max-snippet:-1, max-video-preview:-1 | Z32: https://pmb.widyatama.ac.id/fasilitas/ | AF32: 175811 | AG32: 37161 | AH32: 25538029 | AI32: 9053359 | AJ32: F | AK32: 759 | AL32: 190 | AM32: 3995 | AN32: 0.000 | AO32: Very Hard | AP32: 3290 | AQ32: 1 | AR32: 1 | AT32: 326 | AU32: 77 | AV32: 81 | AW32: 88510 | AX32: 132 | AY32: 28 | AZ32: 0 | BA32: 8 | BB32: 7 | BC32: 2 | BH32: 31247a5ea2b419d3d9f136a97c7c14b8 | BI32: 0.954 | BJ32: Saturday, 15-Aug-2026 09:56:51 GMT | BN32: en-US | BO32: 2.0 | BQ32: https://pmb.widyatama.ac.id/fasilitas/ | BR32: 46249.706
A33: https://pmb.widyatama.ac.id/cek-kelulusan/ | B33: text/html; charset=UTF-8 | C33: 404 | E33: Non-Indexable | F33: Client Error | H33: 0 | I33: 0 | K33: 0 | L33: 0 | N33: 0 | P33: 0 | R33: 0 | T33: 0 | V33: 0 | AF33: 120610 | AG33: 28673 | AH33: 881425 | AI33: 312470 | AJ33: B | AK33: 0 | AP33: 0.000 | AQ33: 1 | AR33: 1 | AT33: 306 | AU33: 77 | AV33: 76 | AW33: 88510 | AX33: 0 | AY33: 0 | AZ33: 0 | BA33: 0 | BB33: 0 | BC33: 0 | BI33: 3525 | BO33: None | BQ33: https://pmb.widyatama.ac.id/cek-kelulusan/ | BR33: 46249.706
A34: https://pmb.widyatama.ac.id/registrasi/ | B34: text/html; charset=UTF-8 | C34: 404 | E34: Non-Indexable | F34: Client Error | H34: 0 | I34: 0 | K34: 0 | L34: 0 | N34: 0 | P34: 0 | R34: 0 | T34: 0 | V34: 0 | AF34: 120604 | AG34: 28075 | AH34: 897875 | AI34: 318301 | AJ34: B | AK34: 0 | AP34: 0.000 | AQ34: 1 | AR34: 1 | AT34: 1 | AU34: 1 | AV34: 0 | AW34: 1150 | AX34: 0 | AY34: 0 | AZ34: 0 | BA34: 0 | BB34: 0 | BC34: 0 | BI34: 2570 | BO34: 2.0 | BQ34: https://pmb.widyatama.ac.id/registrasi/ | BR34: 46249.706
A35: https://pmb.widyatama.ac.id/jalur-seleksi/ | B35: text/html; charset=UTF-8 | C35: 200 | E35: Indexable | G35: Jalur Seleksi - PMB UTama | H35: 25 | I35: 241 | K35: 0 | L35: 0 | N35: 0 | O35: Jalur Seleksi Universitas Widyatama | P35: 35 | R35: 0 | S35: Pilih jenjang dulu, lalu bandingkan jalur yang tersedia. | T35: 56 | U35: Jalur Mana yang Ingin Anda Lihat? | V35: 33 | W35: index, follow, max-image-preview:large, max-snippet:-1, max-video-preview:-1 | Z35: https://pmb.widyatama.ac.id/jalur-seleksi/ | AF35: 165035 | AG35: 36227 | AH35: 3098115 | AI35: 1098297 | AJ35: F | AK35: 504 | AL35: 114 | AM35: 4421 | AN35: 11494 | AO35: Very Hard | AP35: 2302 | AQ35: 1 | AR35: 1 | AT35: 395 | AU35: 77 | AV35: 81 | AW35: 88510 | AX35: 136 | AY35: 39 | AZ35: 0 | BA35: 15 | BB35: 8 | BC35: 3 | BH35: 7883d95a0ab8b109078fff5ef7bd12d7 | BI35: 0.077 | BJ35: Saturday, 15-Aug-2026 09:56:42 GMT | BN35: en-US | BO35: None | BQ35: https://pmb.widyatama.ac.id/jalur-seleksi/ | BR35: 46249.706
A36: https://pmb.widyatama.ac.id/biaya-kuliah-rpl/ | B36: text/html; charset=UTF-8 | C36: 200 | E36: Indexable | G36: Biaya Kuliah RPL - PMB UTama | H36: 28 | I36: 278 | K36: 0 | L36: 0 | N36: 0 | O36: Biaya Kuliah RPL Widyatama Bandung 2026/2027 | P36: 44 | R36: 0 | S36: RPL membuat biaya lebih relevan dengan SKS yang masih perlu ditempuh | T36: 68 | U36: Simulasi Biaya Program RPL | V36: 26 | W36: index, follow, max-image-preview:large, max-snippet:-1, max-video-preview:-1 | Z36: https://pmb.widyatama.ac.id/biaya-kuliah-rpl/ | AF36: 248326 | AG36: 54580 | AH36: 2441722 | AI36: 865603 | AJ36: F | AK36: 1450 | AL36: 249 | AM36: 5823 | AN36: 41118 | AO36: Hard | AP36: 3832 | AQ36: 1 | AR36: 1 | AT36: 335 | AU36: 77 | AV36: 76 | AW36: 88510 | AX36: 130 | AY36: 30 | AZ36: 1 | BA36: 16 | BB36: 8 | BC36: 3 | BH36: 31f1b50eafcdb354522e04346ff010a2 | BI36: 0.105 | BJ36: Saturday, 15-Aug-2026 09:57:10 GMT | BN36: en-US | BO36: None | BQ36: https://pmb.widyatama.ac.id/biaya-kuliah-rpl/ | BR36: 46249.706
A37: https://pmb.widyatama.ac.id/apresiasi-prestasi-mahasiswa/ | B37: text/html; charset=UTF-8 | C37: 200 | E37: Indexable | G37: Apresiasi Prestasi Mahasiswa - PMB UTama | H37: 40 | I37: 396 | K37: 0 | L37: 0 | N37: 0 | O37: Apresiasi Prestasi Mahasiswa Universitas Widyatama | P37: 50 | R37: 0 | S37: Apresiasi ini berlaku setelah mahasiswa resmi menjadi mahasiswa aktif. | T37: 70 | U37: Prestasi Mahasiswa Aktif Mendapat Ruang Apresiasi | V37: 49 | W37: index, follow, max-image-preview:large, max-snippet:-1, max-video-preview:-1 | Z37: https://pmb.widyatama.ac.id/apresiasi-prestasi-mahasiswa/ | AF37: 151958 | AG37: 34330 | AH37: 1726023 | AI37: 611884 | AJ37: D | AK37: 394 | AL37: 101 | AM37: 3901 | AN37: 0.000 | AO37: Very Hard | AP37: 2259 | AQ37: 1 | AR37: 1 | AT37: 316 | AU37: 77 | AV37: 76 | AW37: 88510 | AX37: 127 | AY37: 29 | AZ37: 0 | BA37: 8 | BB37: 7 | BC37: 2 | BH37: 51b9b0d68db4c797a121cfb6826fb407 | BI37: 1073 | BJ37: Saturday, 15-Aug-2026 09:57:44 GMT | BN37: en-US | BO37: 2.0 | BQ37: https://pmb.widyatama.ac.id/apresiasi-prestasi-mahasiswa/ | BR37: 46249.707
A38: https://pmb.widyatama.ac.id/asuransi-mahasiswa/ | B38: text/html; charset=UTF-8 | C38: 200 | E38: Indexable | G38: Asuransi Mahasiswa - PMB UTama | H38: 30 | I38: 314 | K38: 0 | L38: 0 | N38: 0 | O38: Asuransi Mahasiswa Universitas Widyatama | P38: 40 | R38: 0 | S38: Asuransi dapat dimanfaatkan ketika terjadi hal yang tidak diinginkan selama masa studi. | T38: 87 | U38: Perlindungan untuk Mahasiswa Selama Masa Studi | V38: 46 | W38: index, follow, max-image-preview:large, max-snippet:-1, max-video-preview:-1 | Z38: https://pmb.widyatama.ac.id/asuransi-mahasiswa/ | AF38: 152295 | AG38: 34118 | AH38: 2336330 | AI38: 828241 | AJ38: E | AK38: 401 | AL38: 103 | AM38: 3893 | AN38: 0.000 | AO38: Very Hard | AP38: 2239 | AQ38: 1 | AR38: 1 | AT38: 316 | AU38: 77 | AV38: 76 | AW38: 88510 | AX38: 127 | AY38: 28 | AZ38: 0 | BA38: 8 | BB38: 7 | BC38: 2 | BH38: 334fa0a13988bb75399b726be597ea7c | BI38: 0.554 | BJ38: Saturday, 15-Aug-2026 09:57:46 GMT | BN38: en-US | BO38: 2.0 | BQ38: https://pmb.widyatama.ac.id/asuransi-mahasiswa/ | BR38: 46249.707
A39: https://pmb.widyatama.ac.id/organisasi-kemahasiswaan/ | B39: text/html; charset=UTF-8 | C39: 200 | E39: Indexable | G39: Organisasi Kemahasiswaan - PMB UTama | H39: 36 | I39: 377 | K39: 0 | L39: 0 | N39: 0 | O39: UKM Paduan Suara Mahasiswa Utama PSM | P39: 36 | Q39: UKM Winner Cabaret | R39: 18 | S39: Berbagai Organisasi Kemahasiswaan di Universitas Widyatama | T39: 58 | U39: Fasilitas | V39: 9 | W39: index, follow, max-image-preview:large, max-snippet:-1, max-video-preview:-1 | Z39: https://pmb.widyatama.ac.id/organisasi-kemahasiswaan/ | AF39: 220600 | AG39: 35643 | AH39: 3481883 | AI39: 1234345 | AJ39: F | AK39: 187 | AL39: 79 | AM39: 2367 | AN39: 0.000 | AO39: Very Hard | AP39: 1164 | AQ39: 1 | AR39: 1 | AT39: 320 | AU39: 77 | AV39: 76 | AW39: 88510 | AX39: 112 | AY39: 28 | AZ39: 0 | BA39: 33 | BB39: 32 | BC39: 2 | BH39: bd54fa5c8ebf3c9246e268b55731aacb | BI39: 0.492 | BJ39: Saturday, 15-Aug-2026 09:57:49 GMT | BN39: en-US | BO39: None | BQ39: https://pmb.widyatama.ac.id/organisasi-kemahasiswaan/ | BR39: 46249.707
A40: https://pmb.widyatama.ac.id/jalur-seleksi-unggulan/ | B40: text/html; charset=UTF-8 | C40: 200 | E40: Indexable | G40: Jalur Seleksi Unggulan - PMB UTama | H40: 34 | I40: 330 | K40: 0 | L40: 0 | N40: 0 | O40: Jalur Seleksi Beasiswa Unggulan Diploma & Sarjana | P40: 49 | R40: 0 | S40: Jalur beasiswa bagi siswa dengan capaian akademik baik dan peluang seleksi yang lebih luas. | T40: 91 | U40: Jalur Unggulan Cocok untuk Calon Mahasiswa dengan Prestasi Baik dan Konsisten | V40: 77 | W40: index, follow, max-image-preview:large, max-snippet:-1, max-video-preview:-1 | Z40: https://pmb.widyatama.ac.id/jalur-seleksi-unggulan/ | AF40: 176380 | AG40: 38300 | AH40: 811056 | AI40: 287523 | AJ40: B | AK40: 809 | AL40: 164 | AM40: 4933 | AN40: 16105 | AO40: Very Hard | AP40: 3039 | AQ40: 2 | AR40: 1 | AT40: 13 | AU40: 8 | AV40: 1 | AW40: 9200 | AX40: 127 | AY40: 35 | AZ40: 0 | BA40: 16 | BB40: 8 | BC40: 3 | BH40: 1996915f334b55010d2ae4f3d9ae5f69 | BI40: 0.572 | BJ40: Saturday, 15-Aug-2026 09:57:51 GMT | BN40: en-US | BO40: None | BQ40: https://pmb.widyatama.ac.id/jalur-seleksi-unggulan/ | BR40: 46249.707
A41: https://pmb.widyatama.ac.id/jalur-reguler-pendidikan-profesi/ | B41: text/html; charset=UTF-8 | C41: 200 | E41: Indexable | G41: Jalur Reguler Pendidikan Profesi - PMB UTama | H41: 44 | I41: 416 | K41: 0 | L41: 0 | N41: 0 | O41: Jalur Pendidikan Profesi Program Profesi Akuntan (PPAk) | P41: 55 | R41: 0 | S41: Siapkan diri menjadi akuntan profesional dengan kompetensi yang diakui secara formal. | T41: 85 | U41: PPAk Cocok untuk Lulusan S1/D4 yang Ingin Menguatkan Kompetensi Profesi Akuntan | V41: 79 | W41: index, follow, max-image-preview:large, max-snippet:-1, max-video-preview:-1 | Z41: https://pmb.widyatama.ac.id/jalur-reguler-pendidikan-profesi/ | AF41: 171323 | AG41: 37660 | AH41: 2380837 | AI41: 844019 | AJ41: E | AK41: 822 | AL41: 156 | AM41: 5269 | AN41: 0.000 | AO41: Very Hard | AP41: 3318 | AQ41: 2 | AR41: 1 | AT41: 10 | AU41: 5 | AV41: 1 | AW41: 5750 | AX41: 127 | AY41: 33 | AZ41: 1 | BA41: 16 | BB41: 8 | BC41: 3 | BH41: 2eca1756c989ea42ac242ed0f86f9af2 | BI41: 0.237 | BJ41: Saturday, 15-Aug-2026 09:57:50 GMT | BN41: en-US | BO41: None | BQ41: https://pmb.widyatama.ac.id/jalur-reguler-pendidikan-profesi/ | BR41: 46249.707
A42: https://pmb.widyatama.ac.id/jalur-pasca-reguler-maksi/ | B42: text/html; charset=UTF-8 | C42: 200 | E42: Indexable | G42: Jalur Pasca Reguler MAKSI - PMB UTama | H42: 37 | I42: 370 | K42: 0 | L42: 0 | N42: 0 | O42: Jalur Pascasarjana Reguler Magister Akuntansi (MAKSI) | P42: 53 | R42: 0 | S42: Perkuat keahlian audit, perpajakan, keuangan, dan akuntansi manajerial strategis. | T42: 81 | U42: Program MAKSI Cocok untuk Lulusan Sarjana yang Ingin Memperkuat Kompetensi Akuntansi Profesional | V42: 96 | W42: index, follow, max-image-preview:large, max-snippet:-1, max-video-preview:-1 | Z42: https://pmb.widyatama.ac.id/jalur-pasca-reguler-maksi/ | AF42: 171783 | AG42: 37690 | AH42: 2564397 | AI42: 909092 | AJ42: F | AK42: 817 | AL42: 160 | AM42: 5106 | AN42: 0.000 | AO42: Very Hard | AP42: 3347 | AQ42: 2 | AR42: 1 | AT42: 10 | AU42: 5 | AV42: 1 | AW42: 5750 | AX42: 127 | AY42: 33 | AZ42: 1 | BA42: 16 | BB42: 8 | BC42: 3 | BH42: 81b5055f1f40c4d9e8fd6b3192455263 | BI42: 20578 | BJ42: Saturday, 15-Aug-2026 09:58:21 GMT | BN42: en-US | BO42: 2.0 | BQ42: https://pmb.widyatama.ac.id/jalur-pasca-reguler-maksi/ | BR42: 46249.707
A43: https://pmb.widyatama.ac.id/jalur-pasca-reguler-mm/ | B43: text/html; charset=UTF-8 | C43: 200 | E43: Indexable | G43: Jalur Pasca Reguler MM - PMB UTama | H43: 34 | I43: 345 | K43: 0 | L43: 0 | N43: 0 | O43: Jalur Pascasarjana Reguler Magister Manajemen (MM) | P43: 50 | R43: 0 | S43: Perkuat kompetensi manajerial, kepemimpinan, dan keputusan bisnis strategis. | T43: 76 | U43: Program MM Cocok untuk Lulusan Sarjana yang Ingin Naik Kelas secara Manajerial | V43: 78 | W43: index, follow, max-image-preview:large, max-snippet:-1, max-video-preview:-1 | Z43: https://pmb.widyatama.ac.id/jalur-pasca-reguler-mm/ | AF43: 173579 | AG43: 38103 | AH43: 2273050 | AI43: 805808 | AJ43: E | AK43: 791 | AL43: 159 | AM43: 4975 | AN43: 0.000 | AO43: Very Hard | AP43: 3217 | AQ43: 2 | AR43: 1 | AT43: 10 | AU43: 5 | AV43: 1 | AW43: 5750 | AX43: 127 | AY43: 33 | AZ43: 1 | BA43: 16 | BB43: 8 | BC43: 3 | BH43: ac878136340036da068952bef56c350c | BI43: 3642 | BJ43: Saturday, 15-Aug-2026 09:58:21 GMT | BN43: en-US | BO43: None | BQ43: https://pmb.widyatama.ac.id/jalur-pasca-reguler-mm/ | BR43: 46249.707
A44: https://pmb.widyatama.ac.id/jalur-seleksi-mandiri/ | B44: text/html; charset=UTF-8 | C44: 200 | E44: Indexable | G44: Jalur Seleksi Mandiri - PMB UTama | H44: 33 | I44: 313 | K44: 0 | L44: 0 | N44: 0 | O44: Jalur Seleksi Beasiswa Mandiri Diploma & Sarjana | P44: 48 | R44: 0 | S44: Kesempatan strategis bagi calon mahasiswa yang ingin tetap bergabung pada tahun akademik berjalan. | T44: 98 | U44: Jalur Mandiri Cocok untuk Calon Mahasiswa yang Masih Ingin Bergabung di Tahap Akhir PMB | V44: 87 | W44: index, follow, max-image-preview:large, max-snippet:-1, max-video-preview:-1 | Z44: https://pmb.widyatama.ac.id/jalur-seleksi-mandiri/ | AF44: 177253 | AG44: 37712 | AH44: 2741274 | AI44: 971795 | AJ44: F | AK44: 828 | AL44: 168 | AM44: 4929 | AN44: 16183 | AO44: Very Hard | AP44: 3061 | AQ44: 2 | AR44: 1 | AT44: 13 | AU44: 8 | AV44: 1 | AW44: 9200 | AX44: 129 | AY44: 35 | AZ44: 0 | BA44: 16 | BB44: 8 | BC44: 3 | BH44: f642e847b9453ecc9a95b1a008a327b8 | BI44: 0.324 | BJ44: Saturday, 15-Aug-2026 09:59:16 GMT | BN44: en-US | BO44: 2.0 | BQ44: https://pmb.widyatama.ac.id/jalur-seleksi-mandiri/ | BR44: 46249.708
A45: https://pmb.widyatama.ac.id/jalur-seleksi-pmdk/ | B45: text/html; charset=UTF-8 | C45: 200 | E45: Indexable | G45: Jalur Seleksi PMDK - PMB UTama | H45: 30 | I45: 302 | K45: 0 | L45: 0 | N45: 0 | O45: Jalur Seleksi Beasiswa PMDK Diploma & Sarjana | P45: 45 | R45: 0 | S45: Seleksi berbasis rekam jejak akademik, tanpa tes tertulis. | T45: 58 | U45: Jalur PMDK Cocok untuk Siswa dengan Prestasi Akademik Stabil | V45: 60 | W45: index, follow, max-image-preview:large, max-snippet:-1, max-video-preview:-1 | Z45: https://pmb.widyatama.ac.id/jalur-seleksi-pmdk/ | AF45: 176604 | AG45: 38156 | AH45: 3323941 | AI45: 1178354 | AJ45: F | AK45: 776 | AL45: 157 | AM45: 4943 | AN45: 22806 | AO45: Very Hard | AP45: 2908 | AQ45: 2 | AR45: 1 | AT45: 13 | AU45: 8 | AV45: 1 | AW45: 9200 | AX45: 129 | AY45: 35 | AZ45: 0 | BA45: 16 | BB45: 8 | BC45: 3 | BH45: 10ba975958da0bb9be83f54a2a27d928 | BI45: 0.422 | BJ45: Saturday, 15-Aug-2026 09:59:15 GMT | BN45: en-US | BO45: None | BQ45: https://pmb.widyatama.ac.id/jalur-seleksi-pmdk/ | BR45: 46249.708
A46: https://pmb.widyatama.ac.id/jalur-seleksi-utama/ | B46: text/html; charset=UTF-8 | C46: 200 | E46: Indexable | G46: Jalur Seleksi UTama - PMB UTama | H46: 31 | I46: 310 | K46: 0 | L46: 0 | N46: 0 | O46: Jalur Seleksi Beasiswa UTama Diploma & Sarjana | P46: 46 | R46: 0 | S46: Beasiswa penuh untuk siswa dengan capaian akademik tertinggi. | T46: 61 | U46: Jalur UTama Ditujukan bagi Calon Mahasiswa dengan Prestasi Akademik Sangat Tinggi | V46: 81 | W46: index, follow, max-image-preview:large, max-snippet:-1, max-video-preview:-1 | Z46: https://pmb.widyatama.ac.id/jalur-seleksi-utama/ | AF46: 173836 | AG46: 38024 | AH46: 3163009 | AI46: 1121303 | AJ46: F | AK46: 780 | AL46: 156 | AM46: 5000 | AN46: 6963 | AO46: Very Hard | AP46: 3012 | AQ46: 2 | AR46: 1 | AT46: 13 | AU46: 8 | AV46: 1 | AW46: 9200 | AX46: 127 | AY46: 35 | AZ46: 0 | BA46: 16 | BB46: 8 | BC46: 3 | BH46: 7aae4c375f577f690baf8d20f7c69fbc | BI46: 0.415 | BJ46: Saturday, 15-Aug-2026 09:59:17 GMT | BN46: en-US | BO46: None | BQ46: https://pmb.widyatama.ac.id/jalur-seleksi-utama/ | BR46: 46249.708
A47: https://pmb.widyatama.ac.id/jalur-doktoral-reguler/ | B47: text/html; charset=UTF-8 | C47: 200 | E47: Indexable | G47: Jalur Doktoral Reguler - PMB UTama | H47: 34 | I47: 323 | K47: 0 | L47: 0 | N47: 0 | O47: Jalur Doktoral Reguler Universitas Widyatama | P47: 44 | R47: 0 | S47: Bangun kontribusi ilmiah melalui penelitian yang terstruktur, mendalam, dan berdampak. | T47: 86 | U47: Jalur Doktoral Cocok untuk Lulusan Magister yang Siap Mengembangkan Riset Mandiri | V47: 81 | W47: index, follow, max-image-preview:large, max-snippet:-1, max-video-preview:-1 | Z47: https://pmb.widyatama.ac.id/jalur-doktoral-reguler/ | AF47: 171868 | AG47: 37542 | AH47: 2797898 | AI47: 991869 | AJ47: F | AK47: 828 | AL47: 168 | AM47: 4929 | AN47: 0.000 | AO47: Very Hard | AP47: 3395 | AQ47: 2 | AR47: 1 | AT47: 10 | AU47: 5 | AV47: 1 | AW47: 5750 | AX47: 127 | AY47: 33 | AZ47: 1 | BA47: 16 | BB47: 8 | BC47: 3 | BH47: 3de904ab07eebaf17ea60b500da2c80d | BI47: 4114 | BJ47: Saturday, 15-Aug-2026 09:59:20 GMT | BN47: en-US | BO47: 2.0 | BQ47: https://pmb.widyatama.ac.id/jalur-doktoral-reguler/ | BR47: 46249.708
A48: https://pmb.widyatama.ac.id/jalur-seleksi-reguler/ | B48: text/html; charset=UTF-8 | C48: 200 | E48: Indexable | G48: Jalur Seleksi Reguler - PMB UTama | H48: 33 | I48: 312 | K48: 0 | L48: 0 | N48: 0 | O48: Jalur Seleksi Reguler | P48: 21 | Q48: Jalur Seleksi Reguler Universitas Widyatama | R48: 43 | S48: Jalur utama dengan pilihan metode seleksi yang fleksibel. | T48: 57 | U48: Jalur Reguler Cocok untuk Calon Mahasiswa yang Ingin Proses Seleksi Lebih Fleksibel | V48: 83 | W48: index, follow, max-image-preview:large, max-snippet:-1, max-video-preview:-1 | Z48: https://pmb.widyatama.ac.id/jalur-seleksi-reguler/ | AF48: 174443 | AG48: 37348 | AH48: 2559348 | AI48: 907302 | AJ48: F | AK48: 746 | AL48: 155 | AM48: 4813 | AN48: 16193 | AO48: Very Hard | AP48: 2901 | AQ48: 2 | AR48: 1 | AT48: 13 | AU48: 8 | AV48: 1 | AW48: 9200 | AX48: 129 | AY48: 35 | AZ48: 0 | BA48: 16 | BB48: 9 | BC48: 3 | BH48: c8221f55253f18672aeca85225f26ded | BI48: 0.153 | BJ48: Saturday, 15-Aug-2026 09:59:17 GMT | BN48: en-US | BO48: 2.0 | BQ48: https://pmb.widyatama.ac.id/jalur-seleksi-reguler/ | BR48: 46249.708
A49: https://pmb.widyatama.ac.id/jalur-seleksi-khusus/ | B49: text/html; charset=UTF-8 | C49: 200 | E49: Indexable | G49: Jalur Seleksi Khusus - PMB UTama | H49: 32 | I49: 313 | K49: 0 | L49: 0 | N49: 0 | O49: Jalur Seleksi Beasiswa Khusus Diploma & Sarjana | P49: 47 | R49: 0 | S49: Temukan kategori beasiswa yang paling sesuai dengan latar belakang atau prestasi Anda. | T49: 86 | U49: Jalur Khusus Cocok untuk Calon Mahasiswa dengan Kriteria atau Latar Belakang Tertentu | V49: 85 | W49: index, follow, max-image-preview:large, max-snippet:-1, max-video-preview:-1 | Z49: https://pmb.widyatama.ac.id/jalur-seleksi-khusus/ | AF49: 183632 | AG49: 39111 | AH49: 3027622 | AI49: 1073307 | AJ49: F | AK49: 1171 | AL49: 220 | AM49: 5323 | AN49: 4996 | AO49: Very Hard | AP49: 3966 | AQ49: 2 | AR49: 1 | AT49: 13 | AU49: 8 | AV49: 1 | AW49: 9200 | AX49: 129 | AY49: 35 | AZ49: 0 | BA49: 16 | BB49: 8 | BC49: 3 | BH49: a68ac334863a6abb09583bad6224ca3b | BI49: 0.133 | BJ49: Saturday, 15-Aug-2026 09:59:35 GMT | BN49: en-US | BO49: None | BQ49: https://pmb.widyatama.ac.id/jalur-seleksi-khusus/ | BR49: 46249.708
A50: https://pmb.widyatama.ac.id/program-studi/digital-library-information-science-s1/ | B50: text/html; charset=UTF-8 | C50: 404 | E50: Non-Indexable | F50: Client Error | H50: 0 | I50: 0 | K50: 0 | L50: 0 | N50: 0 | P50: 0 | R50: 0 | T50: 0 | V50: 0 | AF50: 120689 | AG50: 28494 | AH50: 881373 | AI50: 312451 | AJ50: B | AK50: 0 | AP50: 0.000 | AQ50: 2 | AR50: 2 | AT50: 2 | AU50: 1 | AV50: 0 | AW50: 1150 | AX50: 0 | AY50: 0 | AZ50: 0 | BA50: 0 | BB50: 0 | BC50: 0 | BI50: 2582 | BO50: 2.0 | BQ50: https://pmb.widyatama.ac.id/program-studi/digital-library-information-science-s1/ | BR50: 46249.708
A51: https://pmb.widyatama.ac.id/program-studi/desain-grafis-d4/ | B51: text/html; charset=UTF-8 | C51: 404 | E51: Non-Indexable | F51: Client Error | H51: 0 | I51: 0 | K51: 0 | L51: 0 | N51: 0 | P51: 0 | R51: 0 | T51: 0 | V51: 0 | AF51: 120645 | AG51: 28695 | AH51: 898424 | AI51: 318496 | AJ51: B | AK51: 0 | AP51: 0.000 | AQ51: 2 | AR51: 2 | AT51: 2 | AU51: 1 | AV51: 0 | AW51: 1150 | AX51: 0 | AY51: 0 | AZ51: 0 | BA51: 0 | BB51: 0 | BC51: 0 | BI51: 2950 | BO51: None | BQ51: https://pmb.widyatama.ac.id/program-studi/desain-grafis-d4/ | BR51: 46249.708
A52: https://pmb.widyatama.ac.id/biaya-kuliah-kelas-reguler-2/ | B52: text/html; charset=UTF-8 | C52: 404 | E52: Non-Indexable | F52: Client Error | H52: 0 | I52: 0 | K52: 0 | L52: 0 | N52: 0 | P52: 0 | R52: 0 | T52: 0 | V52: 0 | AF52: 120640 | AG52: 28693 | AH52: 898387 | AI52: 318483 | AJ52: B | AK52: 0 | AP52: 0.000 | AQ52: 2 | AR52: 1 | AT52: 6 | AU52: 2 | AV52: 1 | AW52: 2300 | AX52: 0 | AY52: 0 | AZ52: 0 | BA52: 0 | BB52: 0 | BC52: 0 | BI52: 2858 | BO52: None | BQ52: https://pmb.widyatama.ac.id/biaya-kuliah-kelas-reguler-2/ | BR52: 46249.708
A53: https://pmb.widyatama.ac.id/jalur-seleksi-prioritas/ | B53: text/html; charset=UTF-8 | C53: 200 | E53: Indexable | G53: Jalur Seleksi Prioritas - PMB UTama | H53: 35 | I53: 320 | K53: 0 | L53: 0 | N53: 0 | O53: Jalur Seleksi Beasiswa Prioritas Diploma & Sarjana | P53: 50 | R53: 0 | S53: Jalur strategis untuk siswa unggul yang ingin mengamankan kursi lebih dini. | T53: 75 | U53: Jalur Prioritas Cocok untuk Calon Mahasiswa Unggul yang Ingin Kepastian Lebih Awal | V53: 82 | W53: index, follow, max-image-preview:large, max-snippet:-1, max-video-preview:-1 | Z53: https://pmb.widyatama.ac.id/jalur-seleksi-prioritas/ | AF53: 176659 | AG53: 37812 | AH53: 2187451 | AI53: 775462 | AJ53: E | AK53: 828 | AL53: 168 | AM53: 4929 | AN53: 14241 | AO53: Very Hard | AP53: 3102 | AQ53: 2 | AR53: 1 | AT53: 13 | AU53: 8 | AV53: 1 | AW53: 9200 | AX53: 127 | AY53: 35 | AZ53: 0 | BA53: 16 | BB53: 8 | BC53: 3 | BH53: 5af8da9339be00b734e11f8923f5fb4 | BI53: 2343 | BJ53: Saturday, 15-Aug-2026 09:59:41 GMT | BN53: en-US | BO53: 2.0 | BQ53: https://pmb.widyatama.ac.id/jalur-seleksi-prioritas/ | BR53: 46249.708
A54: https://online.pmb.widyatama.ac.id/language-switch/en | B54: text/html; charset=utf-8 | C54: 302 | D54: Found | E54: Non-Indexable | F54: Redirected | H54: 0 | I54: 0 | K54: 0 | L54: 0 | N54: 0 | P54: 0 | R54: 0 | T54: 0 | V54: 0 | AF54: 0 | AG54: 0 | AH54: 0 | AI54: 0.000 | AJ54: A+ | AK54: 0 | AP54: 0.000 | AQ54: 2 | AR54: 1 | AT54: 10 | AU54: 10 | AV54: 0 | AW54: 11490 | AX54: 0 | AY54: 0 | AZ54: 0 | BA54: 0 | BB54: 0 | BC54: 0 | BI54: 0.609 | BK54: https://online.pmb.widyatama.ac.id/ | BL54: HTTP Redirect | BQ54: https://online.pmb.widyatama.ac.id/language-switch/en | BR54: 46249.708
A55: https://online.pmb.widyatama.ac.id/register/fst | B55: text/html; charset=utf-8 | C55: 200 | E55: Indexable | G55: PMB | Universitas Widyatama | H55: 27 | I55: 262 | K55: 0 | L55: 0 | N55: 0 | O55: Form Register PMB Fast Track | P55: 28 | R55: 0 | T55: 0 | V55: 0 | AF55: 253823 | AG55: 22282 | AH55: 1029809 | AI55: 365072 | AJ55: C | AK55: 2221 | AL55: 564 | AM55: 3938 | AN55: 100000 | AO55: Very Easy | AP55: 6581 | AQ55: 2 | AR55: 1 | AT55: 2 | AU55: 2 | AV55: 0 | AW55: 2300 | AX55: 7 | AY55: 6 | AZ55: 0 | BA55: 2 | BB55: 2 | BC55: 0 | BH55: 826f104343ca1c1b199b42dfa794895 | BI55: 0.388 | BN55: en | BO55: 2.0 | BQ55: https://online.pmb.widyatama.ac.id/register/fst | BR55: 46249.708
A56: https://online.pmb.widyatama.ac.id/register/kk | B56: text/html; charset=utf-8 | C56: 200 | E56: Indexable | G56: PMB | Universitas Widyatama | H56: 27 | I56: 262 | K56: 0 | L56: 0 | N56: 0 | O56: Form Register PMB Kelas Sore | P56: 28 | R56: 0 | T56: 0 | V56: 0 | AF56: 259579 | AG56: 22627 | AH56: 1028163 | AI56: 364489 | AJ56: C | AK56: 2220 | AL56: 563 | AM56: 3943 | AN56: 100000 | AO56: Very Easy | AP56: 6199 | AQ56: 2 | AR56: 1 | AT56: 2 | AU56: 2 | AV56: 0 | AW56: 2300 | AX56: 7 | AY56: 6 | AZ56: 0 | BA56: 2 | BB56: 2 | BC56: 0 | BH56: 9b236e2868913c710fb0b14916adbf45 | BI56: 0.793 | BN56: en | BO56: 2.0 | BQ56: https://online.pmb.widyatama.ac.id/register/kk | BR56: 46249.708
A57: https://online.pmb.widyatama.ac.id/language-switch/id | B57: text/html; charset=utf-8 | C57: 302 | D57: Found | E57: Non-Indexable | F57: Redirected | H57: 0 | I57: 0 | K57: 0 | L57: 0 | N57: 0 | P57: 0 | R57: 0 | T57: 0 | V57: 0 | AF57: 0 | AG57: 0 | AH57: 0 | AI57: 0.000 | AJ57: A+ | AK57: 0 | AP57: 0.000 | AQ57: 2 | AR57: 1 | AT57: 10 | AU57: 10 | AV57: 0 | AW57: 11490 | AX57: 0 | AY57: 0 | AZ57: 0 | BA57: 0 | BB57: 0 | BC57: 0 | BI57: 0.132 | BK57: https://online.pmb.widyatama.ac.id/ | BL57: HTTP Redirect | BQ57: https://online.pmb.widyatama.ac.id/language-switch/id | BR57: 46249.708
A58: https://online.pmb.widyatama.ac.id/register/s3 | B58: text/html; charset=utf-8 | C58: 200 | E58: Indexable | G58: PMB | Universitas Widyatama | H58: 27 | I58: 262 | K58: 0 | L58: 0 | N58: 0 | O58: Form Register PMB Doktor | P58: 24 | R58: 0 | T58: 0 | V58: 0 | AF58: 252198 | AG58: 22094 | AH58: 1029617 | AI58: 365004 | AJ58: C | AK58: 2211 | AL58: 561 | AM58: 3941 | AN58: 100000 | AO58: Very Easy | AP58: 6582 | AQ58: 2 | AR58: 1 | AT58: 2 | AU58: 2 | AV58: 0 | AW58: 2300 | AX58: 7 | AY58: 6 | AZ58: 0 | BA58: 2 | BB58: 2 | BC58: 0 | BH58: 48c36cfe6956a8bdb30e341c7f028870 | BI58: 2093 | BN58: en | BO58: 2.0 | BQ58: https://online.pmb.widyatama.ac.id/register/s3 | BR58: 46249.708
A59: https://pmb.widyatama.ac.id/aktivitas-civitas/3/ | B59: text/html; charset=UTF-8 | C59: 200 | E59: Non-Indexable | F59: Canonicalised | G59: Aktivitas Civitas - PMB UTama | H59: 29 | I59: 270 | K59: 0 | L59: 0 | N59: 0 | O59: The Rapid Advancement of Digital Technology | P59: 43 | R59: 0 | S59: Berbagai Aktivitas Sivitas di Universitas Widyatama | T59: 51 | U59: Fasilitas | V59: 9 | W59: index, follow, max-image-preview:large, max-snippet:-1, max-video-preview:-1 | Z59: https://pmb.widyatama.ac.id/aktivitas-civitas/ | AF59: 140204 | AG59: 32403 | AH59: 2411451 | AI59: 854871 | AJ59: F | AK59: 89 | AL59: 29 | AM59: 3069 | AN59: 0.000 | AO59: Very Hard | AP59: 1222 | AQ59: 2 | AR59: 2 | AT59: 7 | AU59: 3 | AV59: 1 | AW59: 3450 | AX59: 116 | AY59: 32 | AZ59: 0 | BA59: 8 | BB59: 7 | BC59: 2 | BH59: 6dbfb716d9f2bfbb7bea23dcc3eb9870 | BI59: 3490 | BJ59: Saturday, 15-Aug-2026 09:59:56 GMT | BN59: en-US | BO59: None | BQ59: https://pmb.widyatama.ac.id/aktivitas-civitas/3/ | BR59: 46249.708
A60: https://pmb.widyatama.ac.id/aktivitas-civitas/2/ | B60: text/html; charset=UTF-8 | C60: 200 | E60: Non-Indexable | F60: Canonicalised | G60: Aktivitas Civitas - PMB UTama | H60: 29 | I60: 270 | K60: 0 | L60: 0 | N60: 0 | O60: Democracy in Indonesia: Why It Feels Weak at the Grassroots | P60: 59 | Q60: The Hidden Dangers of Sugar | R60: 27 | S60: Berbagai Aktivitas Sivitas di Universitas Widyatama | T60: 51 | U60: Fasilitas | V60: 9 | W60: index, follow, max-image-preview:large, max-snippet:-1, max-video-preview:-1 | Z60: https://pmb.widyatama.ac.id/aktivitas-civitas/ | AF60: 152467 | AG60: 32759 | AH60: 2964910 | AI60: 1051075 | AJ60: F | AK60: 161 | AL60: 45 | AM60: 3578 | AN60: 32427 | AO60: Hard | AP60: 1346 | AQ60: 2 | AR60: 2 | AT60: 7 | AU60: 3 | AV60: 1 | AW60: 3450 | AX60: 122 | AY60: 36 | AZ60: 0 | BA60: 8 | BB60: 7 | BC60: 2 | BH60: 36cbf18c6f4d38ef216bbfb1c8e44663 | BI60: 3500 | BJ60: Saturday, 15-Aug-2026 09:59:56 GMT | BN60: en-US | BO60: None | BQ60: https://pmb.widyatama.ac.id/aktivitas-civitas/2/ | BR60: 46249.708
A61: https://online.pmb.widyatama.ac.id/auth/login | B61: text/html; charset=utf-8 | C61: 200 | E61: Indexable | G61: PMB | Universitas Widyatama | H61: 27 | I61: 262 | K61: 0 | L61: 0 | N61: 0 | O61: Pengisian Formulir PMB | P61: 22 | Q61: Silahkan login | R61: 14 | T61: 0 | V61: 0 | AF61: 17734 | AG61: 5595 | AH61: 955599 | AI61: 338765 | AJ61: B | AK61: 30 | AL61: 13 | AM61: 2308 | AN61: 63493 | AO61: Normal | AP61: 2452 | AQ61: 2 | AR61: 1 | AT61: 11 | AU61: 10 | AV61: 0 | AW61: 11490 | AX61: 8 | AY61: 6 | AZ61: 0 | BA61: 2 | BB61: 2 | BC61: 0 | BH61: ed4d0258aae1b4b49d8eaf73f890be46 | BI61: 0.124 | BN61: en | BO61: None | BQ61: https://online.pmb.widyatama.ac.id/auth/login | BR61: 46249.708
A62: https://pmb.widyatama.ac.id/blog/page/2/ | B62: text/html; charset=UTF-8 | C62: 404 | E62: Non-Indexable | F62: Client Error | H62: 0 | I62: 0 | K62: 0 | L62: 0 | N62: 0 | P62: 0 | R62: 0 | T62: 0 | V62: 0 | AF62: 122131 | AG62: 28152 | AH62: 894851 | AI62: 317229 | AJ62: B | AK62: 0 | AP62: 0.000 | AQ62: 2 | AR62: 3 | AT62: 1 | AU62: 1 | AV62: 0 | AW62: 1150 | AX62: 0 | AY62: 0 | AZ62: 0 | BA62: 0 | BB62: 0 | BC62: 0 | BI62: 2950 | BO62: 2.0 | BQ62: https://pmb.widyatama.ac.id/blog/page/2/ | BR62: 46249.708
A63: https://pmb.widyatama.ac.id/democracy-in-indonesia-why-it-feels-weak-at-the-grassroots/ | B63: text/html; charset=UTF-8 | C63: 200 | E63: Indexable | G63: Democracy in Indonesia: Why It Feels Weak at the Grassroots - PMB UTama | H63: 71 | I63: 670 | K63: 0 | L63: 0 | N63: 0 | P63: 0 | R63: 0 | S63: Jenjang Pendidikan | T63: 18 | U63: Blog Details | V63: 12 | W63: index, follow, max-image-preview:large, max-snippet:-1, max-video-preview:-1 | Z63: https://pmb.widyatama.ac.id/democracy-in-indonesia-why-it-feels-weak-at-the-grassroots/ | AF63: 144609 | AG63: 33755 | AH63: 6076955 | AI63: 2154311 | AJ63: F | AK63: 414 | AL63: 71 | AM63: 5831 | AN63: 27221 | AO63: Very Hard | AP63: 2201 | AQ63: 2 | AR63: 1 | AT63: 15 | AU63: 5 | AV63: 1 | AW63: 5750 | AX63: 111 | AY63: 31 | AZ63: 0 | BA63: 8 | BB63: 7 | BC63: 2 | BH63: fb15a308345710681d75211d4bf4f97e | BI63: 0.211 | BJ63: Saturday, 15-Aug-2026 10:00:11 GMT | BN63: en-US | BO63: 2.0 | BQ63: https://pmb.widyatama.ac.id/democracy-in-indonesia-why-it-feels-weak-at-the-grassroots/ | BR63: 46249.708
A64: https://pmb.widyatama.ac.id/2025/09/19/ | B64: text/html; charset=UTF-8 | C64: 200 | E64: Non-Indexable | F64: noindex | G64: September 19, 2025 - PMB UTama | H64: 30 | I64: 305 | K64: 0 | L64: 0 | N64: 0 | O64: The Rapid Advancement of Digital Technology | P64: 43 | Q64: Democracy in Indonesia: Why It Feels Weak at the Grassroots | R64: 59 | S64: Search | T64: 6 | U64: Categories | V64: 10 | W64: noindex, follow | AF64: 170686 | AG64: 33830 | AH64: 3226741 | AI64: 1143896 | AJ64: F | AK64: 280 | AL64: 72 | AM64: 3889 | AN64: 68434 | AO64: Normal | AP64: 1503 | AQ64: 2 | AR64: 3 | AT64: 53 | AU64: 14 | AV64: 1 | AW64: 16090 | AX64: 140 | AY64: 36 | AZ64: 0 | BA64: 8 | BB64: 7 | BC64: 2 | BH64: 2d56936a353f7aec2e92b6a5b66da2b4 | BI64: 4364 | BJ64: Saturday, 15-Aug-2026 10:00:19 GMT | BN64: en-US | BO64: None | BQ64: https://pmb.widyatama.ac.id/2025/09/19/ | BR64: 46249.709
A65: https://pmb.widyatama.ac.id/democracy-in-indonesia-why-it-feels-weak-at-the-grassroots-4/ | B65: text/html; charset=UTF-8 | C65: 200 | E65: Indexable | G65: Democracy in Indonesia: Why It Feels Weak at the Grassroots - PMB UTama | H65: 71 | I65: 670 | K65: 0 | L65: 0 | N65: 0 | P65: 0 | R65: 0 | S65: Jenjang Pendidikan | T65: 18 | U65: Blog Details | V65: 12 | W65: index, follow, max-image-preview:large, max-snippet:-1, max-video-preview:-1 | Z65: https://pmb.widyatama.ac.id/democracy-in-indonesia-why-it-feels-weak-at-the-grassroots-4/ | AF65: 144487 | AG65: 33871 | AH65: 6076405 | AI65: 2154116 | AJ65: F | AK65: 414 | AL65: 71 | AM65: 5831 | AN65: 27221 | AO65: Very Hard | AP65: 2203 | AQ65: 2 | AR65: 1 | AT65: 21 | AU65: 8 | AV65: 1 | AW65: 9200 | AX65: 111 | AY65: 31 | AZ65: 0 | BA65: 8 | BB65: 7 | BC65: 2 | BH65: 7d9d9da8e4a205ec375b478e0e12c50e | BI65: 4825 | BJ65: Saturday, 15-Aug-2026 10:00:26 GMT | BN65: en-US | BO65: 2.0 | BQ65: https://pmb.widyatama.ac.id/democracy-in-indonesia-why-it-feels-weak-at-the-grassroots-4/ | BR65: 46249.709
A66: https://pmb.widyatama.ac.id/the-hidden-dangers-of-sugar-3/ | B66: text/html; charset=UTF-8 | C66: 200 | E66: Indexable | G66: The Hidden Dangers of Sugar - PMB UTama | H66: 39 | I66: 388 | K66: 0 | L66: 0 | N66: 0 | P66: 0 | R66: 0 | S66: Jenjang Pendidikan | T66: 18 | U66: Blog Details | V66: 12 | W66: index, follow, max-image-preview:large, max-snippet:-1, max-video-preview:-1 | Z66: https://pmb.widyatama.ac.id/the-hidden-dangers-of-sugar-3/ | AF66: 143549 | AG66: 33152 | AH66: 6276663 | AI66: 2225108 | AJ66: F | AK66: 406 | AL66: 71 | AM66: 5718 | AN66: 47459 | AO66: Hard | AP66: 2090 | AQ66: 2 | AR66: 1 | AT66: 21 | AU66: 8 | AV66: 1 | AW66: 9200 | AX66: 111 | AY66: 31 | AZ66: 0 | BA66: 8 | BB66: 7 | BC66: 2 | BH66: 5c76467da62fd46561f334cf6cb79653 | BI66: 0.474 | BJ66: Saturday, 15-Aug-2026 10:00:14 GMT | BN66: en-US | BO66: 2.0 | BQ66: https://pmb.widyatama.ac.id/the-hidden-dangers-of-sugar-3/ | BR66: 46249.708
A67: https://pmb.widyatama.ac.id/democracy-in-indonesia-why-it-feels-weak-at-the-grassroots-2/ | B67: text/html; charset=UTF-8 | C67: 200 | E67: Indexable | G67: Democracy in Indonesia: Why It Feels Weak at the Grassroots - PMB UTama | H67: 71 | I67: 670 | K67: 0 | L67: 0 | N67: 0 | P67: 0 | R67: 0 | S67: Jenjang Pendidikan | T67: 18 | U67: Blog Details | V67: 12 | W67: index, follow, max-image-preview:large, max-snippet:-1, max-video-preview:-1 | Z67: https://pmb.widyatama.ac.id/democracy-in-indonesia-why-it-feels-weak-at-the-grassroots-2/ | AF67: 144487 | AG67: 33911 | AH67: 6076486 | AI67: 2154145 | AJ67: F | AK67: 414 | AL67: 71 | AM67: 5831 | AN67: 27221 | AO67: Very Hard | AP67: 2203 | AQ67: 2 | AR67: 1 | AT67: 21 | AU67: 8 | AV67: 1 | AW67: 9200 | AX67: 111 | AY67: 31 | AZ67: 0 | BA67: 8 | BB67: 7 | BC67: 2 | BH67: 73adb2362ca9d40aca9c7f3807aa2265 | BI67: 2779 | BJ67: Saturday, 15-Aug-2026 10:00:28 GMT | BN67: en-US | BO67: None | BQ67: https://pmb.widyatama.ac.id/democracy-in-indonesia-why-it-feels-weak-at-the-grassroots-2/ | BR67: 46249.709
A68: https://pmb.widyatama.ac.id/the-hidden-dangers-of-sugar-2/ | B68: text/html; charset=UTF-8 | C68: 200 | E68: Indexable | G68: The Hidden Dangers of Sugar - PMB UTama | H68: 39 | I68: 388 | K68: 0 | L68: 0 | N68: 0 | P68: 0 | R68: 0 | S68: Jenjang Pendidikan | T68: 18 | U68: Blog Details | V68: 12 | W68: index, follow, max-image-preview:large, max-snippet:-1, max-video-preview:-1 | Z68: https://pmb.widyatama.ac.id/the-hidden-dangers-of-sugar-2/ | AF68: 143549 | AG68: 33178 | AH68: 6276704 | AI68: 2225123 | AJ68: F | AK68: 406 | AL68: 71 | AM68: 5718 | AN68: 47459 | AO68: Hard | AP68: 2090 | AQ68: 2 | AR68: 1 | AT68: 21 | AU68: 8 | AV68: 1 | AW68: 9200 | AX68: 111 | AY68: 31 | AZ68: 0 | BA68: 8 | BB68: 7 | BC68: 2 | BH68: 7254cbd5f63f3643118fec7d17abb386 | BI68: 1728 | BJ68: Saturday, 15-Aug-2026 10:00:44 GMT | BN68: en-US | BO68: 2.0 | BQ68: https://pmb.widyatama.ac.id/the-hidden-dangers-of-sugar-2/ | BR68: 46249.709
A69: https://pmb.widyatama.ac.id/the-hidden-dangers-of-sugar/ | B69: text/html; charset=UTF-8 | C69: 200 | E69: Indexable | G69: The Hidden Dangers of Sugar - PMB UTama | H69: 39 | I69: 388 | K69: 0 | L69: 0 | N69: 0 | P69: 0 | R69: 0 | S69: Jenjang Pendidikan | T69: 18 | U69: Blog Details | V69: 12 | W69: index, follow, max-image-preview:large, max-snippet:-1, max-video-preview:-1 | Z69: https://pmb.widyatama.ac.id/the-hidden-dangers-of-sugar/ | AF69: 143506 | AG69: 33713 | AH69: 6276394 | AI69: 2225013 | AJ69: F | AK69: 406 | AL69: 71 | AM69: 5718 | AN69: 47459 | AO69: Hard | AP69: 2090 | AQ69: 2 | AR69: 1 | AT69: 15 | AU69: 5 | AV69: 1 | AW69: 5750 | AX69: 111 | AY69: 31 | AZ69: 0 | BA69: 8 | BB69: 7 | BC69: 2 | BH69: 8d28d54a96869d35d40897ef1a52f946 | BI69: 1583 | BJ69: Saturday, 15-Aug-2026 10:00:45 GMT | BN69: en-US | BO69: 2.0 | BQ69: https://pmb.widyatama.ac.id/the-hidden-dangers-of-sugar/ | BR69: 46249.709
A70: https://pmb.widyatama.ac.id/the-rapid-advancement-of-digital-technology/ | B70: text/html; charset=UTF-8 | C70: 200 | E70: Indexable | G70: The Rapid Advancement of Digital Technology - PMB UTama | H70: 55 | I70: 536 | K70: 0 | L70: 0 | N70: 0 | P70: 0 | R70: 0 | S70: Jenjang Pendidikan | T70: 18 | U70: Blog Details | V70: 12 | W70: index, follow, max-image-preview:large, max-snippet:-1, max-video-preview:-1 | Z70: https://pmb.widyatama.ac.id/the-rapid-advancement-of-digital-technology/ | AF70: 144218 | AG70: 34011 | AH70: 5225886 | AI70: 1852603 | AJ70: F | AK70: 427 | AL70: 77 | AM70: 5545 | AN70: 26261 | AO70: Very Hard | AP70: 2283 | AQ70: 2 | AR70: 1 | AT70: 15 | AU70: 5 | AV70: 1 | AW70: 5750 | AX70: 111 | AY70: 31 | AZ70: 0 | BA70: 8 | BB70: 7 | BC70: 2 | BH70: edf34583d38e9588eec46e076e5cbbc7 | BI70: 2785 | BJ70: Saturday, 15-Aug-2026 10:00:43 GMT | BN70: en-US | BO70: None | BQ70: https://pmb.widyatama.ac.id/the-rapid-advancement-of-digital-technology/ | BR70: 46249.709
A71: https://pmb.widyatama.ac.id/the-rapid-advancement-of-digital-technology-2/ | B71: text/html; charset=UTF-8 | C71: 200 | E71: Indexable | G71: The Rapid Advancement of Digital Technology - PMB UTama | H71: 55 | I71: 536 | K71: 0 | L71: 0 | N71: 0 | P71: 0 | R71: 0 | S71: Jenjang Pendidikan | T71: 18 | U71: Blog Details | V71: 12 | W71: index, follow, max-image-preview:large, max-snippet:-1, max-video-preview:-1 | Z71: https://pmb.widyatama.ac.id/the-rapid-advancement-of-digital-technology-2/ | AF71: 145219 | AG71: 34152 | AH71: 5225996 | AI71: 1852642 | AJ71: F | AK71: 427 | AL71: 77 | AM71: 5545 | AN71: 26261 | AO71: Very Hard | AP71: 2272 | AQ71: 2 | AR71: 1 | AT71: 21 | AU71: 8 | AV71: 1 | AW71: 9200 | AX71: 111 | AY71: 31 | AZ71: 0 | BA71: 8 | BB71: 7 | BC71: 2 | BH71: de50338135b618cb81c819f33a8c9036 | BI71: 3640 | BJ71: Saturday, 15-Aug-2026 10:00:45 GMT | BN71: en-US | BO71: None | BQ71: https://pmb.widyatama.ac.id/the-rapid-advancement-of-digital-technology-2/ | BR71: 46249.709
A72: https://pmb.widyatama.ac.id/democracy-in-indonesia-why-it-feels-weak-at-the-grassroots-3/ | B72: text/html; charset=UTF-8 | C72: 200 | E72: Indexable | G72: Democracy in Indonesia: Why It Feels Weak at the Grassroots - PMB UTama | H72: 71 | I72: 670 | K72: 0 | L72: 0 | N72: 0 | P72: 0 | R72: 0 | S72: Jenjang Pendidikan | T72: 18 | U72: Blog Details | V72: 12 | W72: index, follow, max-image-preview:large, max-snippet:-1, max-video-preview:-1 | Z72: https://pmb.widyatama.ac.id/democracy-in-indonesia-why-it-feels-weak-at-the-grassroots-3/ | AF72: 144487 | AG72: 33761 | AH72: 6076062 | AI72: 2153994 | AJ72: F | AK72: 414 | AL72: 71 | AM72: 5831 | AN72: 27221 | AO72: Very Hard | AP72: 2203 | AQ72: 2 | AR72: 1 | AT72: 21 | AU72: 8 | AV72: 1 | AW72: 9200 | AX72: 111 | AY72: 31 | AZ72: 0 | BA72: 8 | BB72: 7 | BC72: 2 | BH72: acd045fd1f1d5631be2f912a27fce49 | BI72: 8395 | BJ72: Saturday, 15-Aug-2026 10:00:48 GMT | BN72: en-US | BO72: 2.0 | BQ72: https://pmb.widyatama.ac.id/democracy-in-indonesia-why-it-feels-weak-at-the-grassroots-3/ | BR72: 46249.709
A73: https://pmb.widyatama.ac.id/program-studi/doktor-ilmu-manajemen/ | B73: text/html; charset=UTF-8 | C73: 200 | E73: Indexable | G73: Doktor Ilmu Manajemen - PMB UTama | H73: 33 | I73: 341 | K73: 0 | L73: 0 | N73: 0 | O73: Doktor Ilmu Manajemen S3 | P73: 24 | R73: 0 | S73: Fakultas Pascasarjana | T73: 21 | U73: Doktor Ilmu Manajemen S3 | V73: 24 | W73: index, follow, max-image-preview:large, max-snippet:-1, max-video-preview:-1 | Z73: https://pmb.widyatama.ac.id/program-studi/doktor-ilmu-manajemen/ | AF73: 157454 | AG73: 33978 | AH73: 2902995 | AI73: 1029126 | AJ73: F | AK73: 450 | AL73: 95 | AM73: 4737 | AN73: 0.000 | AO73: Very Hard | AP73: 2318 | AQ73: 2 | AR73: 2 | AT73: 6 | AU73: 2 | AV73: 1 | AW73: 2300 | AX73: 113 | AY73: 29 | AZ73: 0 | BA73: 10 | BB73: 8 | BC73: 2 | BH73: 10af3709841bffdcf7e1041e0f49e6b5 | BI73: 2937 | BJ73: Saturday, 15-Aug-2026 10:02:50 GMT | BN73: en-US | BO73: 2.0 | BQ73: https://pmb.widyatama.ac.id/program-studi/doktor-ilmu-manajemen/ | BR73: 46249.71
A74: https://pmb.widyatama.ac.id/program-studi/program-profesi-akuntansi/ | B74: text/html; charset=UTF-8 | C74: 200 | E74: Indexable | G74: Program Profesi Akuntansi - PMB UTama | H74: 37 | I74: 367 | K74: 0 | L74: 0 | N74: 0 | O74: Pendidikan Profesi Akuntansi (PPAk) | P74: 35 | R74: 0 | S74: Fakultas Pascasarjana | T74: 21 | U74: Pendidikan Profesi Akuntansi (PPAK) | V74: 35 | W74: index, follow, max-image-preview:large, max-snippet:-1, max-video-preview:-1 | Z74: https://pmb.widyatama.ac.id/program-studi/program-profesi-akuntansi/ | AF74: 155007 | AG74: 33507 | AH74: 3357328 | AI74: 1190190 | AJ74: F | AK74: 437 | AL74: 91 | AM74: 4802 | AN74: 0.000 | AO74: Very Hard | AP74: 2330 | AQ74: 2 | AR74: 2 | AT74: 6 | AU74: 2 | AV74: 1 | AW74: 2300 | AX74: 113 | AY74: 29 | AZ74: 0 | BA74: 10 | BB74: 8 | BC74: 2 | BH74: 333b286f3029a2bb02f2144522f0ecfa | BI74: 11534 | BJ74: Saturday, 15-Aug-2026 10:03:15 GMT | BN74: en-US | BO74: 2.0 | BQ74: https://pmb.widyatama.ac.id/program-studi/program-profesi-akuntansi/ | BR74: 46249.711
A75: https://pmb.widyatama.ac.id/program-studi/magister-manajemen/ | B75: text/html; charset=UTF-8 | C75: 403 | E75: Non-Indexable | F75: Client Error | H75: 0 | I75: 0 | K75: 0 | L75: 0 | N75: 0 | P75: 0 | R75: 0 | T75: 0 | V75: 0 | AF75: 5722 | AG75: 4739 | AH75: 144531 | AI75: 51237 | AJ75: A+ | AK75: 0 | AP75: 0.000 | AQ75: 2 | AR75: 2 | AT75: 1 | AU75: 1 | AV75: 0 | AW75: 1150 | AX75: 0 | AY75: 0 | AZ75: 0 | BA75: 0 | BB75: 0 | BC75: 0 | BI75: 0.268 | BO75: 2.0 | BQ75: https://pmb.widyatama.ac.id/program-studi/magister-manajemen/ | BR75: 46249.711
A76: https://pmb.widyatama.ac.id/jalur-seleksi-asing-reguler/ | B76: text/html; charset=UTF-8 | C76: 403 | E76: Non-Indexable | F76: Client Error | H76: 0 | I76: 0 | K76: 0 | L76: 0 | N76: 0 | P76: 0 | R76: 0 | T76: 0 | V76: 0 | AF76: 5707 | AG76: 4716 | AH76: 111431 | AI76: 39503 | AJ76: A+ | AK76: 0 | AP76: 0.000 | AQ76: 2 | AR76: 1 | AT76: 2 | AU76: 2 | AV76: 0 | AW76: 2300 | AX76: 0 | AY76: 0 | AZ76: 0 | BA76: 0 | BB76: 0 | BC76: 0 | BI76: 0.042 | BO76: 2.0 | BQ76: https://pmb.widyatama.ac.id/jalur-seleksi-asing-reguler/ | BR76: 46249.711
A77: https://pmb.widyatama.ac.id/program-studi/magister-akuntansi/ | B77: text/html; charset=UTF-8 | C77: 200 | E77: Indexable | G77: Magister Akuntansi - PMB UTama | H77: 30 | I77: 301 | K77: 0 | L77: 0 | N77: 0 | O77: Magister Akuntansi S2 | P77: 21 | R77: 0 | S77: Fakultas Pascasarjan | T77: 20 | U77: Magister Akuntansi S2 | V77: 21 | W77: index, follow, max-image-preview:large, max-snippet:-1, max-video-preview:-1 | Z77: https://pmb.widyatama.ac.id/program-studi/magister-akuntansi/ | AF77: 153586 | AG77: 33521 | AH77: 2727888 | AI77: 967050 | AJ77: F | AK77: 415 | AL77: 96 | AM77: 4323 | AN77: 0.000 | AO77: Very Hard | AP77: 2216 | AQ77: 2 | AR77: 2 | AT77: 6 | AU77: 2 | AV77: 1 | AW77: 2300 | AX77: 113 | AY77: 29 | AZ77: 0 | BA77: 10 | BB77: 8 | BC77: 2 | BH77: f42b22f9f642f048bc379521407510cb | BI77: 2822 | BJ77: Saturday, 15-Aug-2026 10:03:39 GMT | BN77: en-US | BO77: 2.0 | BQ77: https://pmb.widyatama.ac.id/program-studi/magister-akuntansi/ | BR77: 46249.711
A78: https://pmb.widyatama.ac.id/program-kelas-karyawan-2/ | B78: text/html; charset=UTF-8 | C78: 404 | E78: Non-Indexable | F78: Client Error | H78: 0 | I78: 0 | K78: 0 | L78: 0 | N78: 0 | P78: 0 | R78: 0 | T78: 0 | V78: 0 | AF78: 120632 | AG78: 28512 | AH78: 873691 | AI78: 309728 | AJ78: B | AK78: 0 | AP78: 0.000 | AQ78: 2 | AR78: 1 | AT78: 1 | AU78: 1 | AV78: 0 | AW78: 1150 | AX78: 0 | AY78: 0 | AZ78: 0 | BA78: 0 | BB78: 0 | BC78: 0 | BI78: 2460 | BO78: 2.0 | BQ78: https://pmb.widyatama.ac.id/program-kelas-karyawan-2/ | BR78: 46249.711
A79: https://online.pmb.widyatama.ac.id/register/rpl | B79: text/html; charset=utf-8 | C79: 200 | E79: Indexable | G79: PMB | Universitas Widyatama | H79: 27 | I79: 262 | K79: 0 | L79: 0 | N79: 0 | O79: Form Register PMB Rekognisi Pembelajaran Lampau | P79: 47 | R79: 0 | T79: 0 | V79: 0 | AF79: 256303 | AG79: 22437 | AH79: 1029629 | AI79: 365009 | AJ79: C | AK79: 2213 | AL79: 561 | AM79: 3945 | AN79: 100000 | AO79: Very Easy | AP79: 6281 | AQ79: 2 | AR79: 1 | AT79: 16 | AU79: 4 | AV79: 4 | AW79: 4600 | AX79: 7 | AY79: 6 | AZ79: 0 | BA79: 2 | BB79: 2 | BC79: 0 | BH79: 895a02a08a79d6bb4acd88240a876fab | BI79: 0.320 | BN79: en | BO79: 2.0 | BQ79: https://online.pmb.widyatama.ac.id/register/rpl | BR79: 46249.711
A80: https://online.pmb.widyatama.ac.id/register/reg | B80: text/html; charset=utf-8 | C80: 200 | E80: Indexable | G80: PMB | Universitas Widyatama | H80: 27 | I80: 262 | K80: 0 | L80: 0 | N80: 0 | O80: Form Register PMB Kelas Pagi | P80: 28 | R80: 0 | T80: 0 | V80: 0 | AF80: 264444 | AG80: 22593 | AH80: 1030375 | AI80: 365273 | AJ80: C | AK80: 3192 | AL80: 808 | AM80: 3950 | AN80: 100000 | AO80: Very Easy | AP80: 6091 | AQ80: 2 | AR80: 1 | AT80: 19 | AU80: 5 | AV80: 4 | AW80: 5750 | AX80: 7 | AY80: 6 | AZ80: 0 | BA80: 2 | BB80: 2 | BC80: 0 | BH80: e921f872689df737e2be23834495fd0d | BI80: 0.230 | BN80: en | BO80: 2.0 | BQ80: https://online.pmb.widyatama.ac.id/register/reg | BR80: 46249.711
A81: https://pmb.widyatama.ac.id/program-studi/perdagangan-internasional-s1/ | B81: text/html; charset=UTF-8 | C81: 403 | E81: Non-Indexable | F81: Client Error | H81: 0 | I81: 0 | K81: 0 | L81: 0 | N81: 0 | P81: 0 | R81: 0 | T81: 0 | V81: 0 | AF81: 5774 | AG81: 3799 | AH81: 110297 | AI81: 39101 | AJ81: A+ | AK81: 0 | AP81: 0.000 | AQ81: 2 | AR81: 2 | AT81: 7 | AU81: 5 | AV81: 0 | AW81: 5750 | AX81: 0 | AY81: 0 | AZ81: 0 | BA81: 0 | BB81: 0 | BC81: 0 | BI81: 0.043 | BO81: 2.0 | BQ81: https://pmb.widyatama.ac.id/program-studi/perdagangan-internasional-s1/ | BR81: 46249.711
A82: https://online.pmb.widyatama.ac.id/register/sps | B82: text/html; charset=utf-8 | C82: 200 | E82: Indexable | G82: PMB | Universitas Widyatama | H82: 27 | I82: 262 | K82: 0 | L82: 0 | N82: 0 | O82: Form Register PMB Pascasarjana | P82: 30 | R82: 0 | T82: 0 | V82: 0 | AF82: 254208 | AG82: 22319 | AH82: 1029419 | AI82: 364934 | AJ82: C | AK82: 2211 | AL82: 561 | AM82: 3941 | AN82: 100000 | AO82: Very Easy | AP82: 6607 | AQ82: 2 | AR82: 1 | AT82: 54 | AU82: 8 | AV82: 19 | AW82: 9200 | AX82: 7 | AY82: 6 | AZ82: 0 | BA82: 2 | BB82: 2 | BC82: 0 | BH82: 9e738ca6fda9cb5ba154f61e33b482ea | BI82: 0.285 | BN82: en | BO82: 2.0 | BQ82: https://online.pmb.widyatama.ac.id/register/sps | BR82: 46249.711
A83: https://pmb.widyatama.ac.id/program-studi/pendidikan-profesi-akuntansi/ | B83: text/html; charset=UTF-8 | C83: 404 | E83: Non-Indexable | F83: Client Error | H83: 0 | I83: 0 | K83: 0 | L83: 0 | N83: 0 | P83: 0 | R83: 0 | T83: 0 | V83: 0 | AF83: 120669 | AG83: 28707 | AH83: 898274 | AI83: 318443 | AJ83: B | AK83: 0 | AP83: 0.000 | AQ83: 2 | AR83: 2 | AT83: 1 | AU83: 1 | AV83: 0 | AW83: 1150 | AX83: 0 | AY83: 0 | AZ83: 0 | BA83: 0 | BB83: 0 | BC83: 0 | BI83: 2167 | BO83: None | BQ83: https://pmb.widyatama.ac.id/program-studi/pendidikan-profesi-akuntansi/ | BR83: 46249.711
A84: https://pmb.widyatama.ac.id/jalur-seleksi-mahasiswa-asing-international/ | B84: text/html; charset=UTF-8 | C84: 200 | E84: Indexable | G84: Jalur Seleksi Mahasiswa Asing UTama International Scholarship - PMB UTama | H84: 73 | I84: 700 | K84: 0 | L84: 0 | N84: 0 | O84: Jalur Seleksi Beasiswa UTama International Scholarship | P84: 54 | R84: 0 | S84: Kesempatan studi bagi mahasiswa internasional berprestasi untuk bergabung di Universitas Widyatama. | T84: 99 | U84: Jalur Ini Cocok untuk Mahasiswa Internasional Berprestasi yang Ingin Studi di Indonesia | V84: 87 | W84: index, follow, max-image-preview:large, max-snippet:-1, max-video-preview:-1 | Z84: https://pmb.widyatama.ac.id/jalur-seleksi-mahasiswa-asing-international/ | AF84: 169032 | AG84: 36907 | AH84: 2853783 | AI84: 1011680 | AJ84: F | AK84: 756 | AL84: 153 | AM84: 4941 | AN84: 0.000 | AO84: Very Hard | AP84: 3337 | AQ84: 2 | AR84: 1 | AT84: 7 | AU84: 2 | AV84: 1 | AW84: 2300 | AX84: 127 | AY84: 30 | AZ84: 0 | BA84: 16 | BB84: 9 | BC84: 3 | BH84: c67a80db4cb43abdd795a90346000696 | BI84: 2276 | BJ84: Saturday, 15-Aug-2026 10:03:53 GMT | BN84: en-US | BO84: 2.0 | BQ84: https://pmb.widyatama.ac.id/jalur-seleksi-mahasiswa-asing-international/ | BR84: 46249.711
A85: https://pmb.widyatama.ac.id/program-studi/magister-manajemen-s2/ | B85: text/html; charset=UTF-8 | C85: 404 | E85: Non-Indexable | F85: Client Error | H85: 0 | I85: 0 | K85: 0 | L85: 0 | N85: 0 | P85: 0 | R85: 0 | T85: 0 | V85: 0 | AF85: 120655 | AG85: 28697 | AH85: 898427 | AI85: 318497 | AJ85: B | AK85: 0 | AP85: 0.000 | AQ85: 2 | AR85: 2 | AT85: 1 | AU85: 1 | AV85: 0 | AW85: 1150 | AX85: 0 | AY85: 0 | AZ85: 0 | BA85: 0 | BB85: 0 | BC85: 0 | BI85: 2837 | BO85: None | BQ85: https://pmb.widyatama.ac.id/program-studi/magister-manajemen-s2/ | BR85: 46249.711
A86: https://pmb.widyatama.ac.id/program-studi/teknik-mesin-s1/ | B86: text/html; charset=UTF-8 | C86: 200 | E86: Indexable | G86: Teknik Mesin S1 - PMB UTama | H86: 27 | I86: 274 | K86: 0 | L86: 0 | N86: 0 | O86: Machinery in the Aviation Industry | P86: 34 | R86: 0 | S86: Fakultas Teknik | T86: 15 | U86: Teknik Mesin S1 | V86: 15 | W86: index, follow, max-image-preview:large, max-snippet:-1, max-video-preview:-1 | Z86: https://pmb.widyatama.ac.id/program-studi/teknik-mesin-s1/ | AF86: 157349 | AG86: 33607 | AH86: 3263094 | AI86: 1156783 | AJ86: F | AK86: 342 | AL86: 83 | AM86: 4120 | AN86: 4758 | AO86: Very Hard | AP86: 1907 | AQ86: 2 | AR86: 2 | AT86: 12 | AU86: 6 | AV86: 1 | AW86: 6900 | AX86: 113 | AY86: 29 | AZ86: 0 | BA86: 10 | BB86: 8 | BC86: 2 | BH86: d023a4cfa838044fc62efa782aa59d92 | BI86: 0.085 | BJ86: Saturday, 15-Aug-2026 10:04:00 GMT | BN86: en-US | BO86: 2.0 | BQ86: https://pmb.widyatama.ac.id/program-studi/teknik-mesin-s1/ | BR86: 46249.711
A87: https://pmb.widyatama.ac.id/program-studi/branding-design-strategy-d4/ | B87: text/html; charset=UTF-8 | C87: 200 | E87: Indexable | G87: Desain Grafis D4 - PMB UTama | H87: 28 | I87: 276 | K87: 0 | L87: 0 | N87: 0 | O87: Branding Design Strategy D4 | P87: 27 | R87: 0 | S87: Fakultas Desain Komunikasi Visual | T87: 33 | U87: Branding Design Strategy D4 | V87: 27 | W87: index, follow, max-image-preview:large, max-snippet:-1, max-video-preview:-1 | Z87: https://pmb.widyatama.ac.id/program-studi/branding-design-strategy-d4/ | AF87: 155903 | AG87: 33838 | AH87: 4691341 | AI87: 1663104 | AJ87: F | AK87: 455 | AL87: 96 | AM87: 4740 | AN87: 7351 | AO87: Very Hard | AP87: 2270 | AQ87: 2 | AR87: 2 | AT87: 10 | AU87: 5 | AV87: 1 | AW87: 5750 | AX87: 113 | AY87: 29 | AZ87: 0 | BA87: 10 | BB87: 8 | BC87: 2 | BH87: 5ed180918d3b456880f5b44038f09db0 | BI87: 2604 | BJ87: Saturday, 15-Aug-2026 10:04:00 GMT | BN87: en-US | BO87: 2.0 | BQ87: https://pmb.widyatama.ac.id/program-studi/branding-design-strategy-d4/ | BR87: 46249.711
A88: https://pmb.widyatama.ac.id/program-studi/bahasa-jepang-s1/ | B88: text/html; charset=UTF-8 | C88: 200 | E88: Indexable | G88: Bahasa Jepang S1 - PMB UTama | H88: 28 | I88: 295 | K88: 0 | L88: 0 | N88: 0 | O88: Fluent in Japanese as an Industrial Translator & Interpreter | P88: 60 | R88: 0 | S88: Fakultas Ilmu Budaya | T88: 20 | U88: Bahasa Jepang S1 | V88: 16 | W88: index, follow, max-image-preview:large, max-snippet:-1, max-video-preview:-1 | Z88: https://pmb.widyatama.ac.id/program-studi/bahasa-jepang-s1/ | AF88: 148644 | AG88: 32604 | AH88: 3527907 | AI88: 1250661 | AJ88: F | AK88: 272 | AL88: 66 | AM88: 4121 | AN88: 25054 | AO88: Very Hard | AP88: 1694 | AQ88: 2 | AR88: 2 | AT88: 12 | AU88: 6 | AV88: 1 | AW88: 6900 | AX88: 113 | AY88: 29 | AZ88: 0 | BA88: 10 | BB88: 8 | BC88: 2 | BH88: cc2d96ec232718151ec24b9b54ae65aa | BI88: 0.083 | BJ88: Saturday, 15-Aug-2026 10:04:01 GMT | BN88: en-US | BO88: 2.0 | BQ88: https://pmb.widyatama.ac.id/program-studi/bahasa-jepang-s1/ | BR88: 46249.711
A89: https://pmb.widyatama.ac.id/program-studi/magister-akuntansi-s2/ | B89: text/html; charset=UTF-8 | C89: 404 | E89: Non-Indexable | F89: Client Error | H89: 0 | I89: 0 | K89: 0 | L89: 0 | N89: 0 | P89: 0 | R89: 0 | T89: 0 | V89: 0 | AF89: 120655 | AG89: 28700 | AH89: 898388 | AI89: 318483 | AJ89: B | AK89: 0 | AP89: 0.000 | AQ89: 2 | AR89: 2 | AT89: 1 | AU89: 1 | AV89: 0 | AW89: 1150 | AX89: 0 | AY89: 0 | AZ89: 0 | BA89: 0 | BB89: 0 | BC89: 0 | BI89: 2952 | BO89: None | BQ89: https://pmb.widyatama.ac.id/program-studi/magister-akuntansi-s2/ | BR89: 46249.711
A90: https://pmb.widyatama.ac.id/program-studi/japanese-for-business-and-tourism-d3/ | B90: text/html; charset=UTF-8 | C90: 200 | E90: Indexable | G90: Bahasa Jepang D3 - PMB UTama | H90: 28 | I90: 296 | K90: 0 | L90: 0 | N90: 0 | O90: Fluent in Japanese as an Industrial Translator & Interpreter | P90: 60 | R90: 0 | S90: Fakultas Ilmu Budaya | T90: 20 | U90: Japanese for Business Management D3 | V90: 35 | W90: index, follow, max-image-preview:large, max-snippet:-1, max-video-preview:-1 | Z90: https://pmb.widyatama.ac.id/program-studi/japanese-for-business-and-tourism-d3/ | AF90: 159777 | AG90: 34078 | AH90: 4627487 | AI90: 1640467 | AJ90: F | AK90: 387 | AL90: 88 | AM90: 4398 | AN90: 8688 | AO90: Very Hard | AP90: 2011 | AQ90: 2 | AR90: 2 | AT90: 10 | AU90: 5 | AV90: 1 | AW90: 5750 | AX90: 113 | AY90: 29 | AZ90: 0 | BA90: 10 | BB90: 8 | BC90: 2 | BH90: 77a0cd5788c0b46163c561ce5fd40ea9 | BI90: 2714 | BJ90: Saturday, 15-Aug-2026 10:04:09 GMT | BN90: en-US | BO90: None | BQ90: https://pmb.widyatama.ac.id/program-studi/japanese-for-business-and-tourism-d3/ | BR90: 46249.711
A91: https://pmb.widyatama.ac.id/program-studi/teknik-sipil-s1/ | B91: text/html; charset=UTF-8 | C91: 200 | E91: Indexable | G91: Teknik Sipil S1 - PMB UTama | H91: 27 | I91: 258 | K91: 0 | L91: 0 | N91: 0 | O91: Infrastructure and Innovation for Resilient Society | P91: 51 | R91: 0 | S91: Fakultas Teknik | T91: 15 | U91: Teknik Sipil S1 | V91: 15 | W91: index, follow, max-image-preview:large, max-snippet:-1, max-video-preview:-1 | Z91: https://pmb.widyatama.ac.id/program-studi/teknik-sipil-s1/ | AF91: 157971 | AG91: 33973 | AH91: 4118886 | AI91: 1460166 | AJ91: F | AK91: 393 | AL91: 95 | AM91: 4137 | AN91: 0.000 | AO91: Very Hard | AP91: 2082 | AQ91: 2 | AR91: 2 | AT91: 12 | AU91: 6 | AV91: 1 | AW91: 6900 | AX91: 113 | AY91: 29 | AZ91: 0 | BA91: 10 | BB91: 8 | BC91: 2 | BH91: 2bd6a2472655e9273756f2629240a369 | BI91: 0.082 | BJ91: Saturday, 15-Aug-2026 10:04:09 GMT | BN91: en-US | BO91: None | BQ91: https://pmb.widyatama.ac.id/program-studi/teknik-sipil-s1/ | BR91: 46249.711
A92: https://pmb.widyatama.ac.id/program-studi/manajemen-sumber-daya-manusia-s1/ | B92: text/html; charset=UTF-8 | C92: 200 | E92: Indexable | G92: Manajemen Sumber Daya Manusia S1 - PMB UTama | H92: 44 | I92: 467 | K92: 0 | L92: 0 | N92: 0 | O92: Human Capital Management | P92: 24 | R92: 0 | S92: Fakultas Ekonomi Bisnis | T92: 23 | U92: Manajemen Sumber Daya Manusia S1 | V92: 32 | W92: index, follow, max-image-preview:large, max-snippet:-1, max-video-preview:-1 | Z92: https://pmb.widyatama.ac.id/program-studi/manajemen-sumber-daya-manusia-s1/ | AF92: 161612 | AG92: 34220 | AH92: 4778306 | AI92: 1693933 | AJ92: F | AK92: 416 | AL92: 105 | AM92: 3962 | AN92: 0.000 | AO92: Very Hard | AP92: 2167 | AQ92: 2 | AR92: 2 | AT92: 12 | AU92: 6 | AV92: 1 | AW92: 6900 | AX92: 113 | AY92: 29 | AZ92: 0 | BA92: 10 | BB92: 8 | BC92: 2 | BH92: 8a6329cc25dd08b4985f9082b19bb713 | BI92: 0.132 | BJ92: Saturday, 15-Aug-2026 10:04:13 GMT | BN92: en-US | BO92: None | BQ92: https://pmb.widyatama.ac.id/program-studi/manajemen-sumber-daya-manusia-s1/ | BR92: 46249.711
A93: https://pmb.widyatama.ac.id/program-studi/manajemen-s3/ | B93: text/html; charset=UTF-8 | C93: 301 | D93: Moved Permanently | E93: Non-Indexable | F93: Redirected | H93: 0 | I93: 0 | K93: 0 | L93: 0 | N93: 0 | P93: 0 | R93: 0 | T93: 0 | V93: 0 | AF93: 0 | AG93: 0 | AH93: 0 | AI93: 0.000 | AJ93: A+ | AK93: 0 | AP93: 0.000 | AQ93: 2 | AR93: 2 | AT93: 1 | AU93: 1 | AV93: 0 | AW93: 1150 | AX93: 0 | AY93: 0 | AZ93: 0 | BA93: 0 | BB93: 0 | BC93: 0 | BI93: 1893 | BJ93: Saturday, 15-Aug-2026 10:04:27 GMT | BK93: https://pmb.widyatama.ac.id/wp-content/uploads/2025/09/manajemen-s3.jpg | BL93: HTTP Redirect | BQ93: https://pmb.widyatama.ac.id/program-studi/manajemen-s3/ | BR93: 46249.711
A94: https://pmb.widyatama.ac.id/program-studi/manajemen-operasional-s1/ | B94: text/html; charset=UTF-8 | C94: 200 | E94: Indexable | G94: Manajemen Operasional S1 - PMB UTama | H94: 36 | I94: 373 | K94: 0 | L94: 0 | N94: 0 | O94: Operations Management | P94: 21 | R94: 0 | S94: Fakultas Ekonomi Bisnis | T94: 23 | U94: Manajemen Operasional S1 | V94: 24 | W94: index, follow, max-image-preview:large, max-snippet:-1, max-video-preview:-1 | Z94: https://pmb.widyatama.ac.id/program-studi/manajemen-operasional-s1/ | AF94: 157786 | AG94: 33843 | AH94: 4467750 | AI94: 1583840 | AJ94: F | AK94: 331 | AL94: 92 | AM94: 3598 | AN94: 0.000 | AO94: Very Hard | AP94: 1931 | AQ94: 2 | AR94: 2 | AT94: 12 | AU94: 6 | AV94: 1 | AW94: 6900 | AX94: 113 | AY94: 29 | AZ94: 0 | BA94: 10 | BB94: 8 | BC94: 2 | BH94: 411b241434918f0e9cd194202648df00 | BI94: 0.092 | BJ94: Saturday, 15-Aug-2026 10:04:22 GMT | BN94: en-US | BO94: None | BQ94: https://pmb.widyatama.ac.id/program-studi/manajemen-operasional-s1/ | BR94: 46249.711
A95: https://pmb.widyatama.ac.id/program-studi/manajemen-kewirausahaan-s1/ | B95: text/html; charset=UTF-8 | C95: 200 | E95: Indexable | G95: Manajemen Kewirausahaan S1 - PMB UTama | H95: 38 | I95: 405 | K95: 0 | L95: 0 | N95: 0 | O95: Entrepreneurship Management | P95: 27 | R95: 0 | S95: Fakultas Ekonomi Bisnis | T95: 23 | U95: Manajemen Kewirausahaan S1 | V95: 26 | W95: index, follow, max-image-preview:large, max-snippet:-1, max-video-preview:-1 | Z95: https://pmb.widyatama.ac.id/program-studi/manajemen-kewirausahaan-s1/ | AF95: 158060 | AG95: 33956 | AH95: 3923171 | AI95: 1390784 | AJ95: F | AK95: 347 | AL95: 92 | AM95: 3772 | AN95: 0.000 | AO95: Very Hard | AP95: 1946 | AQ95: 2 | AR95: 2 | AT95: 12 | AU95: 6 | AV95: 1 | AW95: 6900 | AX95: 113 | AY95: 29 | AZ95: 0 | BA95: 10 | BB95: 8 | BC95: 2 | BH95: 9405b777056457009722ab84906ad4e2 | BI95: 0.078 | BJ95: Saturday, 15-Aug-2026 10:04:22 GMT | BN95: en-US | BO95: None | BQ95: https://pmb.widyatama.ac.id/program-studi/manajemen-kewirausahaan-s1/ | BR95: 46249.711
A96: https://pmb.widyatama.ac.id/program-studi/teknik-industri-s1/ | B96: text/html; charset=UTF-8 | C96: 200 | E96: Indexable | G96: Teknik Industri S1 - PMB UTama | H96: 30 | I96: 287 | K96: 0 | L96: 0 | N96: 0 | O96: Industrial Engineering & Sustainable Innovation | P96: 47 | R96: 0 | S96: Fakultas Teknik | T96: 15 | U96: Teknik Industri S1 | V96: 18 | W96: index, follow, max-image-preview:large, max-snippet:-1, max-video-preview:-1 | Z96: https://pmb.widyatama.ac.id/program-studi/teknik-industri-s1/ | AF96: 161061 | AG96: 33899 | AH96: 4542551 | AI96: 1610357 | AJ96: F | AK96: 325 | AL96: 89 | AM96: 3652 | AN96: 6857 | AO96: Very Hard | AP96: 1835 | AQ96: 2 | AR96: 2 | AT96: 12 | AU96: 6 | AV96: 1 | AW96: 6900 | AX96: 113 | AY96: 29 | AZ96: 0 | BA96: 10 | BB96: 8 | BC96: 2 | BH96: 61922efa29009b4962ee39a2057f6014 | BI96: 0.458 | BJ96: Saturday, 15-Aug-2026 10:04:13 GMT | BN96: en-US | BO96: None | BQ96: https://pmb.widyatama.ac.id/program-studi/teknik-industri-s1/ | BR96: 46249.711
A97: https://pmb.widyatama.ac.id/program-studi/manajemen-keuangan-s1/ | B97: text/html; charset=UTF-8 | C97: 200 | E97: Indexable | G97: Manajemen Keuangan S1 - PMB UTama | H97: 33 | I97: 357 | K97: 0 | L97: 0 | N97: 0 | O97: Digital Finance Management | P97: 26 | R97: 0 | S97: Fakultas Ekonomi Bisnis | T97: 23 | U97: Manajemen Keuangan S1 | V97: 21 | W97: index, follow, max-image-preview:large, max-snippet:-1, max-video-preview:-1 | Z97: https://pmb.widyatama.ac.id/program-studi/manajemen-keuangan-s1/ | AF97: 161342 | AG97: 34272 | AH97: 3830653 | AI97: 1357986 | AJ97: F | AK97: 418 | AL97: 108 | AM97: 3870 | AN97: 0.000 | AO97: Very Hard | AP97: 2175 | AQ97: 2 | AR97: 2 | AT97: 12 | AU97: 6 | AV97: 1 | AW97: 6900 | AX97: 113 | AY97: 29 | AZ97: 0 | BA97: 10 | BB97: 8 | BC97: 2 | BH97: 6d2680b7e38ca2f8069f965f8ecdb71a | BI97: 2650 | BJ97: Saturday, 15-Aug-2026 10:04:23 GMT | BN97: en-US | BO97: None | BQ97: https://pmb.widyatama.ac.id/program-studi/manajemen-keuangan-s1/ | BR97: 46249.711
A98: https://pmb.widyatama.ac.id/program-studi/sistem-informasi-s1/ | B98: text/html; charset=UTF-8 | C98: 200 | E98: Indexable | G98: Sistem Informasi S1 - PMB UTama | H98: 31 | I98: 308 | K98: 0 | L98: 0 | N98: 0 | O98: Information System and Digital Transformation | P98: 45 | R98: 0 | S98: Fakultas Teknik | T98: 15 | U98: Sistem Informasi S1 | V98: 19 | W98: index, follow, max-image-preview:large, max-snippet:-1, max-video-preview:-1 | Z98: https://pmb.widyatama.ac.id/program-studi/sistem-informasi-s1/ | AF98: 162190 | AG98: 33688 | AH98: 3660679 | AI98: 1297729 | AJ98: F | AK98: 436 | AL98: 111 | AM98: 3928 | AN98: 0.000 | AO98: Very Hard | AP98: 2176 | AQ98: 2 | AR98: 2 | AT98: 12 | AU98: 6 | AV98: 1 | AW98: 6900 | AX98: 113 | AY98: 29 | AZ98: 0 | BA98: 10 | BB98: 8 | BC98: 2 | BH98: 84fc9d398901adee3f6f1e769f300860 | BI98: 0.083 | BJ98: Saturday, 15-Aug-2026 10:04:28 GMT | BN98: en-US | BO98: 2.0 | BQ98: https://pmb.widyatama.ac.id/program-studi/sistem-informasi-s1/ | BR98: 46249.711
A99: https://pmb.widyatama.ac.id/program-studi/teknik-informatika-s1/ | B99: text/html; charset=UTF-8 | C99: 200 | E99: Indexable | G99: Teknik Informatika S1 - PMB UTama | H99: 33 | I99: 323 | K99: 0 | L99: 0 | N99: 0 | O99: Informatics and Cyber Security | P99: 30 | R99: 0 | S99: Fakultas Teknik | T99: 15 | U99: Teknik Informatika S1 | V99: 21 | W99: index, follow, max-image-preview:large, max-snippet:-1, max-video-preview:-1 | Z99: https://pmb.widyatama.ac.id/program-studi/teknik-informatika-s1/ | AF99: 160631 | AG99: 34562 | AH99: 3393540 | AI99: 1203027 | AJ99: F | AK99: 560 | AL99: 141 | AM99: 3972 | AN99: 1123 | AO99: Very Hard | AP99: 2569 | AQ99: 2 | AR99: 2 | AT99: 12 | AU99: 6 | AV99: 1 | AW99: 6900 | AX99: 113 | AY99: 29 | AZ99: 0 | BA99: 10 | BB99: 8 | BC99: 2 | BH99: 2941d15f23ec28d0edf07add91667480 | BI99: 0.089 | BJ99: Saturday, 15-Aug-2026 10:04:34 GMT | BN99: en-US | BO99: None | BQ99: https://pmb.widyatama.ac.id/program-studi/teknik-informatika-s1/ | BR99: 46249.711
A100: https://pmb.widyatama.ac.id/program-studi/akuntansi-s1/ | B100: text/html; charset=UTF-8 | C100: 200 | E100: Indexable | G100: Akuntansi S1 - PMB UTama | H100: 24 | I100: 246 | K100: 0 | L100: 0 | N100: 0 | O100: Professional Accountant | P100: 23 | R100: 0 | S100: Fakultas Ekonomi Bisnis | T100: 23 | U100: Akuntansi S1 | V100: 12 | W100: index, follow, max-image-preview:large, max-snippet:-1, max-video-preview:-1 | Z100: https://pmb.widyatama.ac.id/program-studi/akuntansi-s1/ | AF100: 158956 | AG100: 33929 | AH100: 3783723 | AI100: 1341349 | AJ100: F | AK100: 370 | AL100: 95 | AM100: 3895 | AN100: 0.000 | AO100: Very Hard | AP100: 2002 | AQ100: 2 | AR100: 2 | AT100: 12 | AU100: 6 | AV100: 1 | AW100: 6900 | AX100: 113 | AY100: 29 | AZ100: 0 | BA100: 10 | BB100: 8 | BC100: 2 | BH100: 8d00b16cbdb6f6c49f888d573b36ab82 | BI100: 0.084 | BJ100: Saturday, 15-Aug-2026 10:04:35 GMT | BN100: en-US | BO100: None | BQ100: https://pmb.widyatama.ac.id/program-studi/akuntansi-s1/ | BR100: 46249.712
...

Sheet DATA_PROFILE
A1: HTTP Status Detail
A2: Metric | B2: Count | C2: Percentage | D2: Status Code
A3: Total HTML URLs | B3: =ROWS(tblCrawl[Address]) -> 119 | C3: =1 -> 1
A4: 200 OK | B4: =COUNTIF(tblCrawl[Status Code],D4) -> 87 | C4: =IFERROR(B4/$B$3,0) -> 0.73109244 | D4: 200
A5: 301 Permanent Redirect | B5: =COUNTIF(tblCrawl[Status Code],D5) -> 1 | C5: =IFERROR(B5/$B$3,0) -> 0.0084033613 | D5: 301
A6: 302 Temporary Redirect | B6: =COUNTIF(tblCrawl[Status Code],D6) -> 2 | C6: =IFERROR(B6/$B$3,0) -> 0.016806723 | D6: 302
A7: 403 Forbidden | B7: =COUNTIF(tblCrawl[Status Code],D7) -> 4 | C7: =IFERROR(B7/$B$3,0) -> 0.033613445 | D7: 403
A8: 404 Not Found | B8: =COUNTIF(tblCrawl[Status Code],D8) -> 25 | C8: =IFERROR(B8/$B$3,0) -> 0.21008403 | D8: 404
A10: Metric | B10: Count | C10: Percentage
A11: Total HTML URLs | B11: =ROWS(tblCrawl[Address]) -> 119 | C11: =1 -> 1
A12: Successful URLs (2xx) | B12: =COUNTIFS(tblCrawl[Status Code],">=200",tblCrawl[Status Code],"<300") -> 87 | C12: =IFERROR(B12/$B$11,0) -> 0.73109244
A13: Redirect URLs (3xx) | B13: =COUNTIFS(tblCrawl[Status Code],">=300",tblCrawl[Status Code],"<400") -> 3 | C13: =IFERROR(B13/$B$11,0) -> 0.025210084
A14: Client Error URLs (4xx) | B14: =COUNTIFS(tblCrawl[Status Code],">=400",tblCrawl[Status Code],"<500") -> 29 | C14: =IFERROR(B14/$B$11,0) -> 0.24369748
A15: Server Error URLs (5xx) | B15: =COUNTIFS(tblCrawl[Status Code],">=500",tblCrawl[Status Code],"<600") -> 0 | C15: =IFERROR(B15/$B$11,0) -> 0
X17: Based on 36 non-indexable URLs
A18: Metric | B18: Count | C18: Percentage
A19: Total HTML URLs | B19: =ROWS(tblCrawl[Address]) -> 119 | C19: =1 -> 1
A20: Indexable URLs | B20: =COUNTIF(tblCrawl[Indexability],"Indexable") -> 83 | C20: =IFERROR(B20/$B$19,0) -> 0.69747899
A21: Non-Indexable URLs | B21: =COUNTIF(tblCrawl[Indexability],"Non-Indexable") -> 36 | C21: =IFERROR(B21/$B$19,0) -> 0.30252101

Sheet CALC_HELPER
A1: Non-Indexable Reason Analysis
A2: Reason | B2: Count | C2: Percentage | E2: Non-Indexable Reason Ranking | H2: Marketing Interpretation | I2: Action Priority | J2: Short Label | K2: Action Priority | L2: Count | M2: Percentage | N2: Marketing Priority Label | O2: Display Label
A3: {=_xlfn._xlws.SORT(_xlfn.UNIQUE(_xlfn._xlws.FILTER(tblCrawl[Indexability Status],tblCrawl[Indexability]="Non-Indexable")))} -> Canonicalised | B3: {=COUNTIF(tblCrawl[Indexability Status],_xlfn.ANCHORARRAY(A3))} -> 2 | C3: {=IFERROR(_xlfn.ANCHORARRAY(B3)/SUM(_xlfn.ANCHORARRAY(B3)),0)} -> 0.055555556 | E3: {=_xlfn.LET( _xlpm.Reason,_xlfn.ANCHORARRAY(A3), _xlpm.Jumlah,_xlfn.ANCHORARRAY(B3), _xlpm.Persen,_xlfn.ANCHORARRAY(C3), _xlfn.SORTBY(_xlfn.HSTACK(_xlpm.Reason,_xlpm.Jumlah,_xlpm.Persen),_xlpm.Jumlah,-1) )} -> Client Error | F3: 29 | G3: 0.80555556 | H3: {=_xlfn.SWITCH( E3, "Client Error","Halaman tidak dapat diakses atau tidak ditemukan", "Redirected","URL mengarahkan pengunjung ke halaman lain", "Canonicalised","Halaman dianggap sebagai versi duplikat dari halaman lain", "noindex","Halaman sengaja tidak ditampilkan di hasil pencarian", "Noindex","Halaman sengaja tidak ditampilkan di hasil pencarian", "Blocked by robots.txt","Akses mesin pencari ke halaman dibatasi", "Perlu pemeriksaan teknis lebih lanjut" )} -> Halaman tidak dapat diakses atau tidak ditemukan | I3: {=_xlfn.SWITCH( E3, "Client Error","Priority 1 - Validate/Fix", "Redirected","Priority 2 - Review", "Canonicalised","Priority 2 - Review", "noindex","Expected / Verify", "Noindex","Expected / Verify", "Blocked by robots.txt","Expected / Verify", "Technical Review" )} -> Priority 1 - Validate/Fix | J3: Halaman Tidak Dapat Diakses | K3: {=_xlfn._xlws.SORT(_xlfn.UNIQUE(_xlfn._xlws.FILTER(I3:I12,I3:I12<>"")))} -> Expected / Verify | L3: {=SUMIF($I$3:$I$12,_xlfn.ANCHORARRAY(K3),$F$3:$F$12)} -> 2 | M3: {=IFERROR(_xlfn.ANCHORARRAY(L3)/SUM(_xlfn.ANCHORARRAY(L3)),0)} -> 0.055555556 | N3: {=_xlfn.SWITCH( K3, "Priority 1 - Validate/Fix","Perlu Ditangani Lebih Dulu", "Priority 2 - Review","Perlu Ditinjau", "Expected / Verify","Perlu Diverifikasi", "Technical Review","Perlu Review Teknis", "Perlu Ditinjau" )} -> Perlu Diverifikasi | O3: {=_xlfn.ANCHORARRAY(L3)&" URL ("&TEXT(_xlfn.ANCHORARRAY(M3),"0,00%")&")"} -> 2 URL (5,56%)
A4: Client Error | B4: 29 | C4: 0.80555556 | E4: Redirected | F4: 3 | G4: 0.083333333 | H4: {=_xlfn.SWITCH( E4, "Client Error","Halaman tidak dapat diakses atau tidak ditemukan", "Redirected","URL mengarahkan pengunjung ke halaman lain", "Canonicalised","Halaman dianggap sebagai versi duplikat dari halaman lain", "noindex","Halaman sengaja tidak ditampilkan di hasil pencarian", "Noindex","Halaman sengaja tidak ditampilkan di hasil pencarian", "Blocked by robots.txt","Akses mesin pencari ke halaman dibatasi", "Perlu pemeriksaan teknis lebih lanjut" )} -> URL mengarahkan pengunjung ke halaman lain | I4: {=_xlfn.SWITCH( E4, "Client Error","Priority 1 - Validate/Fix", "Redirected","Priority 2 - Review", "Canonicalised","Priority 2 - Review", "noindex","Expected / Verify", "Noindex","Expected / Verify", "Blocked by robots.txt","Expected / Verify", "Technical Review" )} -> Priority 2 - Review | J4: Redirect ke Halaman Lain | K4: Priority 1 - Validate/Fix | L4: 29 | M4: 0.80555556 | N4: {=_xlfn.SWITCH( K4, "Priority 1 - Validate/Fix","Perlu Ditangani Lebih Dulu", "Priority 2 - Review","Perlu Ditinjau", "Expected / Verify","Perlu Diverifikasi", "Technical Review","Perlu Review Teknis", "Perlu Ditinjau" )} -> Perlu Ditangani Lebih Dulu | O4: 29 URL (80,56%)
A5: noindex | B5: 2 | C5: 0.055555556 | E5: Canonicalised | F5: 2 | G5: 0.055555556 | H5: {=_xlfn.SWITCH( E5, "Client Error","Halaman tidak dapat diakses atau tidak ditemukan", "Redirected","URL mengarahkan pengunjung ke halaman lain", "Canonicalised","Halaman dianggap sebagai versi duplikat dari halaman lain", "noindex","Halaman sengaja tidak ditampilkan di hasil pencarian", "Noindex","Halaman sengaja tidak ditampilkan di hasil pencarian", "Blocked by robots.txt","Akses mesin pencari ke halaman dibatasi", "Perlu pemeriksaan teknis lebih lanjut" )} -> Halaman dianggap sebagai versi duplikat dari halaman lain | I5: {=_xlfn.SWITCH( E5, "Client Error","Priority 1 - Validate/Fix", "Redirected","Priority 2 - Review", "Canonicalised","Priority 2 - Review", "noindex","Expected / Verify", "Noindex","Expected / Verify", "Blocked by robots.txt","Expected / Verify", "Technical Review" )} -> Priority 2 - Review | J5: Halaman Duplikat | K5: Priority 2 - Review | L5: 5 | M5: 0.13888889 | N5: {=_xlfn.SWITCH( K5, "Priority 1 - Validate/Fix","Perlu Ditangani Lebih Dulu", "Priority 2 - Review","Perlu Ditinjau", "Expected / Verify","Perlu Diverifikasi", "Technical Review","Perlu Review Teknis", "Perlu Ditinjau" )} -> Perlu Ditinjau | O5: 5 URL (13,89%)
A6: Redirected | B6: 3 | C6: 0.083333333 | E6: noindex | F6: 2 | G6: 0.055555556 | H6: {=_xlfn.SWITCH( E6, "Client Error","Halaman tidak dapat diakses atau tidak ditemukan", "Redirected","URL mengarahkan pengunjung ke halaman lain", "Canonicalised","Halaman dianggap sebagai versi duplikat dari halaman lain", "noindex","Halaman sengaja tidak ditampilkan di hasil pencarian", "Noindex","Halaman sengaja tidak ditampilkan di hasil pencarian", "Blocked by robots.txt","Akses mesin pencari ke halaman dibatasi", "Perlu pemeriksaan teknis lebih lanjut" )} -> Halaman sengaja tidak ditampilkan di hasil pencarian | I6: {=_xlfn.SWITCH( E6, "Client Error","Priority 1 - Validate/Fix", "Redirected","Priority 2 - Review", "Canonicalised","Priority 2 - Review", "noindex","Expected / Verify", "Noindex","Expected / Verify", "Blocked by robots.txt","Expected / Verify", "Technical Review" )} -> Expected / Verify | J6: Tidak Ditampilkan di Pencarian | L6: =SUM(_xlfn.ANCHORARRAY(L3)) -> 36 | M6: =SUM(_xlfn.ANCHORARRAY(M3)) -> 1
B7: =SUM(_xlfn.ANCHORARRAY(B3)) -> 36 | C7: =SUM(_xlfn.ANCHORARRAY(C3)) -> 1

Sheet DASHBOARD_EXCEL
A1: WEBSITE PMB WIDYATAMA — WEBSITE HEALTH
A41: Initial Website Crawl Assessment — 119 Internal HTML URLs

Sheet PAGE_INVENTORY
A1: {=tblCrawl[#Headers]} -> Address | B1: Content Type | C1: Status Code | D1: Status | E1: Indexability | F1: Indexability Status | G1: Title 1 | H1: Title 1 Length | I1: Title 1 Pixel Width | J1: Meta Description 1 | K1: Meta Description 1 Length | L1: Meta Description 1 Pixel Width | M1: Meta Keywords 1 | N1: Meta Keywords 1 Length | O1: H1-1 | P1: H1-1 Length | Q1: H1-2 | R1: H1-2 Length | S1: H2-1 | T1: H2-1 Length | U1: H2-2 | V1: H2-2 Length | W1: Meta Robots 1 | X1: X-Robots-Tag 1 | Y1: Meta Refresh 1 | Z1: Canonical Link Element 1 | AA1: rel="next" 1 | AB1: rel="prev" 1 | AC1: HTTP rel="next" 1 | AD1: HTTP rel="prev" 1 | AE1: amphtml Link Element | AF1: Size (bytes) | AG1: Transferred (bytes) | AH1: Total Transferred (bytes) | AI1: CO2 (mg) | AJ1: Carbon Rating | AK1: Word Count | AL1: Sentence Count | AM1: Average Words Per Sentence | AN1: Flesch Reading Ease Score | AO1: Readability | AP1: Text Ratio | AQ1: Crawl Depth | AR1: Folder Depth | AS1: Link Score | AT1: Inlinks | AU1: Unique Inlinks | AV1: Unique JS Inlinks | AW1: % of Total | AX1: Outlinks | AY1: Unique Outlinks | AZ1: Unique JS Outlinks | BA1: External Outlinks | BB1: Unique External Outlinks | BC1: Unique External JS Outlinks | BD1: Closest Similarity Match | BE1: No. Near Duplicates | BF1: Spelling Errors | BG1: Grammar Errors | BH1: Hash | BI1: Response Time | BJ1: Last Modified | BK1: Redirect URL | BL1: Redirect Type | BM1: Cookies | BN1: Language | BO1: HTTP Version | BP1: Mobile Alternate Link | BQ1: URL Encoded Address | BR1: Crawl Timestamp | BT1: Metric | BU1: Count | BV1: Percentage | BZ1: URL | CA1: Indexability | CB1: Indexability Status | CC1: Page Type | CD1: Site Scope | CE1: Include Speed Test | CF1: Page Type | CG1: Count | CH1: Percentage | CI1: Other URLs | CJ1: Other Count | CK1: First Slug | CL1: Site Scope | CM1: Count | CO1: First Slug Summary | CP1: Count | CQ1: Refined Page Type | CS1: Refined Page Type Summary | CT1: URL Count | CU1: Percentage | CV1: Final Page Type | CW1: Final Page Type Summary | CX1: Count | CY1: Percentage | DA1: Other Review URLs | DB1: Site Scope | DC1: Indexability | DD1: First Slug | DE1: Second Slug | DF1: Resolved Page Type | DG1: Final Page Type v2 | DI1: Final Page Type Summary | DJ1: Count | DK1: Percentage | DM1: Content Review URLs | DN1: Site Scope | DO1: Indexability | DP1: Page Title | DQ1: Content Relevance Status | DS1: Content Relevance Summary | DT1: Count | DU1: Percentage | DV1: Speed Test Segment | DW1: Include Speed Test | DX1: Speed Test Segment | DY1: Count | DZ1: Percentage | EA1: Test Priority | EC1: Test Priority Summary | ED1: Count | EE1: Percentage
A2: {=_xlfn._xlws.FILTER(tblCrawl[],tblCrawl[Status Code]=200,"Tidak ada URL 200")} -> https://pmb.widyatama.ac.id/ | B2: text/html; charset=UTF-8 | C2: 200 | D2: 0 | E2: Indexable | F2: 0 | G2: Home - PMB UTama | H2: 16 | I2: 182 | J2: 0 | K2: 0 | L2: 0 | M2: 0 | N2: 0 | O2: Penerimaan Mahasiswa Baru Universitas Widyatama Bandung | P2: 55 | Q2: 0 | R2: 0 | S2: Temukan Jalur Kuliah yang Paling Sesuai | T2: 39 | U2: Program Studi Diploma, Sarjana, dan Pascasarjana | V2: 48 | W2: index, follow, max-image-preview:large, max-snippet:-1, max-video-preview:-1 | X2: 0 | Y2: 0 | Z2: https://pmb.widyatama.ac.id/ | AA2: 0 | AB2: 0 | AC2: 0 | AD2: 0 | AE2: 0 | AF2: 222241 | AG2: 46607 | AH2: 37100272 | AI2: 13152232 | AJ2: F | AK2: 961 | AL2: 199 | AM2: 4829 | AN2: 0.000 | AO2: Very Hard | AP2: 3528 | AQ2: 0 | AR2: 0 | AS2: 0 | AT2: 466 | AU2: 77 | AV2: 77 | AW2: 88510 | AX2: 128 | AY2: 32 | AZ2: 0 | BA2: 21 | BB2: 12 | BC2: 4 | BD2: 0 | BE2: 0 | BF2: 0 | BG2: 0 | BH2: a20e81bc6438e5cebb62cebec82d43c2 | BI2: 3290 | BJ2: Saturday, 15-Aug-2026 09:54:51 GMT | BK2: 0 | BL2: 0 | BM2: 0 | BN2: en-US | BO2: 2.0 | BP2: 0 | BQ2: https://pmb.widyatama.ac.id/ | BR2: 46249.705 | BT2: Active URLs (200) | BU2: =COUNTIF(tblCrawl[Status Code],200) -> 87 | BV2: =1 -> 1 | BZ2: {=_xlfn._xlws.FILTER(tblCrawl[Address],tblCrawl[Status Code]=200,"")} -> https://pmb.widyatama.ac.id/ | CA2: {=_xlfn._xlws.FILTER(tblCrawl[Indexability],tblCrawl[Status Code]=200,"")} -> Indexable | CB2: {=_xlfn._xlws.FILTER(tblCrawl[Indexability Status],tblCrawl[Status Code]=200,"")} -> 0 | CC2: {=_xlfn.LET( _xlpm.u,LOWER(_xlfn.ANCHORARRAY(BZ2)), IF( _xlpm.u="https://pmb.widyatama.ac.id/", "Homepage", IF( ISNUMBER(SEARCH("/biaya",_xlpm.u)), "Pricing", IF( (ISNUMBER(SEARCH("/program",_xlpm.u))+ISNUMBER(SEARCH("/jurusan",_xlpm.u)))>0, "Program", IF( (ISNUMBER(SEARCH("/jalur",_xlpm.u))+ISNUMBER(SEARCH("/seleksi",_xlpm.u))+ISNUMBER(SEARCH("/pendaftaran",_xlpm.u)))>0, "Admission", IF( (ISNUMBER(SEARCH("/beasiswa",_xlpm.u))+ISNUMBER(SEARCH("/campaign",_xlpm.u))+ISNUMBER(SEARCH("/promo",_xlpm.u)))>0, "Campaign", IF( (ISNUMBER(SEARCH("/berita",_xlpm.u))+ISNUMBER(SEARCH("/artikel",_xlpm.u))+ISNUMBER(SEARCH("/news",_xlpm.u)))>0, "Content", "Other" ) ) ) ) ) ) )} -> Homepage | CD2: {=IF( ISNUMBER(SEARCH("online.pmb.widyatama.ac.id",_xlfn.ANCHORARRAY(BZ2))), "Online Registration System", "Main PMB Website" )} -> Main PMB Website | CE2: {=IF((_xlfn.ANCHORARRAY(CD2)="Main PMB Website")+(_xlfn.ANCHORARRAY(CD2)="Online Registration System"),"Yes","Review")} -> Yes | CF2: {=_xlfn._xlws.SORT(_xlfn.UNIQUE(_xlfn.ANCHORARRAY(CC2)))} -> Admission | CG2: =COUNTIF(_xlfn.ANCHORARRAY(CC2),CF2) -> 13 | CH2: =IFERROR(CG2/SUM($CG$2:$CG$7),0) -> 0.14942529 | CI2: {=_xlfn._xlws.FILTER(_xlfn.ANCHORARRAY(BZ2),_xlfn.ANCHORARRAY(CC2)="Other","Tidak ada URL Other")} -> https://pmb.widyatama.ac.id/petunjuk-pendaftaran/ | CJ2: =ROWS(_xlfn.ANCHORARRAY(CI2)) -> 39 | CK2: {=_xlfn.LET( _xlpm.path,_xlfn.TEXTAFTER(_xlfn.ANCHORARRAY(CI2),"/",3), IF(_xlpm.path="","Homepage/System Root",_xlfn.TEXTBEFORE(_xlpm.path&"/","/")) )} -> petunjuk-pendaftaran | CL2: {=_xlfn._xlws.SORT(_xlfn.UNIQUE(_xlfn.ANCHORARRAY(CD2)))} -> Main PMB Website | CM2: =COUNTIF(_xlfn.ANCHORARRAY(CD2),CL2) -> 77 | CO2: {=_xlfn._xlws.SORT(_xlfn.UNIQUE(_xlfn.ANCHORARRAY(CK2)))} -> 2025 | CP2: =COUNTIF(_xlfn.ANCHORARRAY($CK$2),CO2) -> 2 | CQ2: {=_xlfn.LET( _xlpm.s,LOWER(CO2), _xlfn.SWITCH( TRUE, OR(_xlpm.s="petunjuk-pendaftaran",_xlpm.s="cek-jalur-pendaftaran"),"Admission", OR(_xlpm.s="jenjang-pendidikan",_xlpm.s="output-lulusan"),"Information", OR(_xlpm.s="privacy-policy",_xlpm.s="cookie-policy"),"Policy", _xlpm.s="mahasiswa-internasional","International", OR( _xlpm.s="aktivitas-civitas", _xlpm.s="fasilitas", _xlpm.s="apresiasi-prestasi-mahasiswa", _xlpm.s="asuransi-mahasiswa", _xlpm.s="organisasi-kemahasiswaan" ),"Campus Life", OR( _xlpm.s="register", _xlpm.s="auth", _xlpm.s="homepage/system root" ),"Registration System", _xlpm.s="blog","Content", OR( ISNUMBER(SEARCH("democracy-in-indonesia",_xlpm.s)), ISNUMBER(SEARCH("hidden-dangers-of-sugar",_xlpm.s)), ISNUMBER(SEARCH("rapid-advancement-of-digital-technology",_xlpm.s)), _xlpm.s="2025" ),"Content Review", "Other Review" ) )} -> Content Review | CS2: {=_xlfn._xlws.SORT(_xlfn.UNIQUE(_xlfn._xlws.FILTER(CQ2:CQ100,CQ2:CQ100<>"")))} -> Admission | CT2: =SUMIF($CQ$2:$CQ$100,CS2,$CP$2:$CP$100) -> 2 | CU2: =IFERROR(CT2/SUM($CT$2:$CT$20),0) -> 0.051282051 | CV2: {=_xlfn.LET( _xlpm.u,_xlfn.ANCHORARRAY(BZ2), _xlpm.initial,_xlfn.ANCHORARRAY(CC2), _xlpm.path,IFERROR(_xlfn.TEXTAFTER(_xlpm.u,"/",3),""), _xlpm.slug,IF(_xlpm.path="","Homepage/System Root",_xlfn.TEXTBEFORE(_xlpm.path&"/","/")), IF( _xlpm.initial<>"Other", _xlpm.initial, _xlfn.XLOOKUP(_xlpm.slug,$CO$2:$CO$100,$CQ$2:$CQ$100,"Other Review") ) )} -> Homepage | CW2: {=_xlfn._xlws.SORT(_xlfn.UNIQUE(_xlfn.ANCHORARRAY(CV2)))} -> Admission | CX2: =COUNTIF(_xlfn.ANCHORARRAY($CV$2),CW2) -> 15 | CY2: =IFERROR(CX2/ROWS(_xlfn.ANCHORARRAY($CV$2)),0) -> 0.17241379 | DA2: {=_xlfn._xlws.FILTER(_xlfn.ANCHORARRAY(BZ2),_xlfn.ANCHORARRAY(CV2)="Other Review","Tidak ada Other Review")} -> https://online.pmb.widyatama.ac.id/hasil | DB2: {=_xlfn._xlws.FILTER(_xlfn.ANCHORARRAY(CD2),_xlfn.ANCHORARRAY(CV2)="Other Review","")} -> Online Registration System | DC2: {=_xlfn._xlws.FILTER(_xlfn.ANCHORARRAY(CA2),_xlfn.ANCHORARRAY(CV2)="Other Review","")} -> Indexable | DD2: {=_xlfn.LET( _xlpm.path,_xlfn.TEXTAFTER(_xlfn.ANCHORARRAY(DA2),"/",3), IF(_xlpm.path="","Homepage/System Root",_xlfn.TEXTBEFORE(_xlpm.path&"/","/")) )} -> hasil | DE2: {=_xlfn.LET( _xlpm.path,_xlfn.TEXTAFTER(_xlfn.ANCHORARRAY(DA2),"/",3), _xlpm.rest,IFERROR(_xlfn.TEXTAFTER(_xlpm.path,"/"),""), IF(_xlpm.rest="","(none)",_xlfn.TEXTBEFORE(_xlpm.rest&"/","/")) )} -> (none) | DF2: {=IF(_xlfn.ANCHORARRAY( DB2)="Online Registration System", "Registration System", IF(_xlfn.ANCHORARRAY( DD2)="category", "Content Archive", "Other Review" ) )} -> Registration System | DG2: {=_xlfn.LET( _xlpm.u,_xlfn.ANCHORARRAY(BZ2), _xlpm.current,_xlfn.ANCHORARRAY(CV2), IF( _xlpm.current<>"Other Review", _xlpm.current, _xlfn.XLOOKUP(_xlpm.u,_xlfn.ANCHORARRAY(DA2),_xlfn.ANCHORARRAY(DF2),"Other Review") ) )} -> Homepage | DI2: {=_xlfn._xlws.SORT(_xlfn.UNIQUE(_xlfn.ANCHORARRAY(DG2)))} -> Admission | DJ2: =COUNTIF(_xlfn.ANCHORARRAY($DG$2),DI2) -> 15 | DK2: =IFERROR(DJ2/ROWS(_xlfn.ANCHORARRAY($DG$2)),0) -> 0.17241379 | DM2: {=_xlfn._xlws.FILTER(_xlfn.ANCHORARRAY(BZ2),_xlfn.ANCHORARRAY(DG2)="Content Review","Tidak ada Content Review")} -> https://pmb.widyatama.ac.id/democracy-in-indonesia-why-it-feels-weak-at-the-grassroots/ | DN2: {=_xlfn._xlws.FILTER(_xlfn.ANCHORARRAY(CD2),_xlfn.ANCHORARRAY(DG2)="Content Review","")} -> Main PMB Website | DO2: {=_xlfn._xlws.FILTER(_xlfn.ANCHORARRAY(CA2),_xlfn.ANCHORARRAY(DG2)="Content Review","")} -> Indexable | DQ2: {=_xlfn.LET( _xlpm.txt,LOWER(_xlfn.ANCHORARRAY(DM2)&" "&_xlfn.ANCHORARRAY(DP2)), IF( ( ISNUMBER(SEARCH("democracy-in-indonesia",_xlpm.txt))+ ISNUMBER(SEARCH("hidden-dangers-of-sugar",_xlpm.txt))+ ISNUMBER(SEARCH("rapid-advancement-of-digital-technology",_xlpm.txt)) )>0, "Likely Irrelevant to PMB", IF( ( ISNUMBER(SEARCH("pmb",_xlpm.txt))+ ISNUMBER(SEARCH("pendaftaran",_xlpm.txt))+ ISNUMBER(SEARCH("beasiswa",_xlpm.txt))+ ISNUMBER(SEARCH("program",_xlpm.txt))+ ISNUMBER(SEARCH("jurusan",_xlpm.txt))+ ISNUMBER(SEARCH("mahasiswa",_xlpm.txt))+ ISNUMBER(SEARCH("widyatama",_xlpm.txt)) )>0, "Likely Relevant to PMB", "Needs Manual Review" ) ) )} -> Needs Manual Review | DS2: {=_xlfn._xlws.SORT(_xlfn.UNIQUE(_xlfn._xlws.FILTER(DQ2:DQ100,DQ2:DQ100<>"")))} -> Needs Manual Review | DT2: =COUNTIF($DQ$2:$DQ$100,DS2) -> 11 | DU2: =IFERROR(DT2/SUM($DT$2:$DT$10),0) -> 1 | DV2: {=_xlfn.LET( _xlpm.scope,_xlfn.ANCHORARRAY(CD2), _xlpm.ptype,_xlfn.ANCHORARRAY(DG2), IF( _xlpm.ptype="Content Review", "Content Audit", IF( _xlpm.scope="Online Registration System", "Registration System", "Core PMB Website" ) ) )} -> Core PMB Website | DW2: {=IF(_xlfn.ANCHORARRAY(DV2)<>"","Yes","Review")} -> Yes | DX2: {=_xlfn._xlws.SORT(_xlfn.UNIQUE(_xlfn.ANCHORARRAY(DV2)))} -> Content Audit | DY2: =COUNTIF(_xlfn.ANCHORARRAY($DV$2),DX2) -> 11 | DZ2: =IFERROR(DY2/ROWS(_xlfn.ANCHORARRAY($DV$2)),0) -> 0.12643678 | EA2: {=_xlfn.LET( _xlpm.pt,_xlfn.ANCHORARRAY(DG2), _xlpm.seg,_xlfn.ANCHORARRAY(DV2), IF( _xlpm.seg="Content Audit", "P4 - Content Audit", IF( ((_xlpm.pt="Homepage")+(_xlpm.pt="Admission")+(_xlpm.pt="Pricing")+(_xlpm.pt="Program")+(_xlpm.pt="Registration System"))>0, "P1 - Critical", IF( ((_xlpm.pt="Campaign")+(_xlpm.pt="International")+(_xlpm.pt="Information")+(_xlpm.pt="Campus Life"))>0, "P2 - High", "P3 - Standard" ) ) ) )} -> P1 - Critical | EC2: {=_xlfn._xlws.SORT(_xlfn.UNIQUE(_xlfn.ANCHORARRAY(EA2)))} -> P1 - Critical | ED2: =COUNTIF(_xlfn.ANCHORARRAY($EA$2),EC2) -> 59 | EE2: =IFERROR(ED2/ROWS(_xlfn.ANCHORARRAY($EA$2)),0) -> 0.67816092
A3: https://pmb.widyatama.ac.id/petunjuk-pendaftaran/ | B3: text/html; charset=UTF-8 | C3: 200 | D3: 0 | E3: Indexable | F3: 0 | G3: Petunjuk Pendaftaran - PMB UTama | H3: 32 | I3: 322 | J3: 0 | K3: 0 | L3: 0 | M3: 0 | N3: 0 | O3: Petunjuk Pendaftaran Mahasiswa Baru Universitas Widyatama | P3: 57 | Q3: 0 | R3: 0 | S3: Buat akun PMB lebih dulu, lalu ikuti setiap tahap dengan urut. | T3: 62 | U3: Cara Mudah Daftar Kuliah Online | V3: 31 | W3: index, follow, max-image-preview:large, max-snippet:-1, max-video-preview:-1 | X3: 0 | Y3: 0 | Z3: https://pmb.widyatama.ac.id/petunjuk-pendaftaran/ | AA3: 0 | AB3: 0 | AC3: 0 | AD3: 0 | AE3: 0 | AF3: 175545 | AG3: 38335 | AH3: 3734312 | AI3: 1323832 | AJ3: F | AK3: 943 | AL3: 197 | AM3: 4787 | AN3: 13847 | AO3: Very Hard | AP3: 3382 | AQ3: 1 | AR3: 1 | AS3: 0 | AT3: 334 | AU3: 77 | AV3: 80 | AW3: 88510 | AX3: 139 | AY3: 30 | AZ3: 1 | BA3: 17 | BB3: 9 | BC3: 4 | BD3: 0 | BE3: 0 | BF3: 0 | BG3: 0 | BH3: a2d3f3de39b760ce0970219c23bc52b8 | BI3: 0.098 | BJ3: Saturday, 15-Aug-2026 09:55:42 GMT | BK3: 0 | BL3: 0 | BM3: 0 | BN3: en-US | BO3: None | BP3: 0 | BQ3: https://pmb.widyatama.ac.id/petunjuk-pendaftaran/ | BR3: 46249.705 | BT3: 200 + Indexable | BU3: =COUNTIFS(tblCrawl[Status Code],200,tblCrawl[Indexability],"Indexable") -> 83 | BV3: =IFERROR(BU3/$BU$2,0) -> 0.95402299 | BZ3: https://pmb.widyatama.ac.id/petunjuk-pendaftaran/ | CA3: Indexable | CB3: 0 | CC3: Other | CD3: Main PMB Website | CE3: Yes | CF3: Campaign | CG3: =COUNTIF(_xlfn.ANCHORARRAY(CC2),CF3) -> 1 | CH3: =IFERROR(CG3/SUM($CG$2:$CG$7),0) -> 0.011494253 | CI3: https://pmb.widyatama.ac.id/jenjang-pendidikan/ | CK3: jenjang-pendidikan | CL3: Online Registration System | CM3: =COUNTIF(_xlfn.ANCHORARRAY($CD$2),CL3) -> 10 | CO3: aktivitas-civitas | CP3: =COUNTIF(_xlfn.ANCHORARRAY($CK$2),CO3) -> 3 | CQ3: {=_xlfn.LET( _xlpm.s,LOWER(CO3), _xlfn.SWITCH( TRUE, OR(_xlpm.s="petunjuk-pendaftaran",_xlpm.s="cek-jalur-pendaftaran"),"Admission", OR(_xlpm.s="jenjang-pendidikan",_xlpm.s="output-lulusan"),"Information", OR(_xlpm.s="privacy-policy",_xlpm.s="cookie-policy"),"Policy", _xlpm.s="mahasiswa-internasional","International", OR( _xlpm.s="aktivitas-civitas", _xlpm.s="fasilitas", _xlpm.s="apresiasi-prestasi-mahasiswa", _xlpm.s="asuransi-mahasiswa", _xlpm.s="organisasi-kemahasiswaan" ),"Campus Life", OR( _xlpm.s="register", _xlpm.s="auth", _xlpm.s="homepage/system root" ),"Registration System", _xlpm.s="blog","Content", OR( ISNUMBER(SEARCH("democracy-in-indonesia",_xlpm.s)), ISNUMBER(SEARCH("hidden-dangers-of-sugar",_xlpm.s)), ISNUMBER(SEARCH("rapid-advancement-of-digital-technology",_xlpm.s)), _xlpm.s="2025" ),"Content Review", "Other Review" ) )} -> Campus Life | CS3: Campus Life | CT3: =SUMIF($CQ$2:$CQ$100,CS3,$CP$2:$CP$100) -> 7 | CU3: =IFERROR(CT3/SUM($CT$2:$CT$20),0) -> 0.17948718 | CV3: Admission | CW3: Campaign | CX3: =COUNTIF(_xlfn.ANCHORARRAY($CV$2),CW3) -> 1 | CY3: =IFERROR(CX3/ROWS(_xlfn.ANCHORARRAY($CV$2)),0) -> 0.011494253 | DA3: https://pmb.widyatama.ac.id/category/science-and-technology/ | DB3: Main PMB Website | DC3: Indexable | DD3: category | DE3: science-and-technology | DF3: Content Archive | DG3: Admission | DI3: Campaign | DJ3: =COUNTIF(_xlfn.ANCHORARRAY($DG$2),DI3) -> 1 | DK3: =IFERROR(DJ3/ROWS(_xlfn.ANCHORARRAY($DG$2)),0) -> 0.011494253 | DM3: https://pmb.widyatama.ac.id/2025/09/19/ | DN3: Main PMB Website | DO3: Non-Indexable | DQ3: Needs Manual Review | DV3: Core PMB Website | DW3: Yes | DX3: Core PMB Website | DY3: =COUNTIF(_xlfn.ANCHORARRAY($DV$2),DX3) -> 66 | DZ3: =IFERROR(DY3/ROWS(_xlfn.ANCHORARRAY($DV$2)),0) -> 0.75862069 | EA3: P1 - Critical | EC3: P2 - High | ED3: =COUNTIF(_xlfn.ANCHORARRAY($EA$2),EC3) -> 11 | EE3: =IFERROR(ED3/ROWS(_xlfn.ANCHORARRAY($EA$2)),0) -> 0.12643678
A4: https://pmb.widyatama.ac.id/jenjang-pendidikan/ | B4: text/html; charset=UTF-8 | C4: 200 | D4: 0 | E4: Indexable | F4: 0 | G4: Jenjang Pendidikan - PMB UTama | H4: 30 | I4: 303 | J4: 0 | K4: 0 | L4: 0 | M4: 0 | N4: 0 | O4: Jenjang Pendidikan Universitas Widyatama: Diploma, Sarjana, Pascasarjana, dan Doktoral | P4: 86 | Q4: 0 | R4: 0 | S4: Konsultasi singkat untuk tahu jenjang yang paling sesuai. | T4: 57 | U4: Mana Jenjang yang Cocok Buatmu? | V4: 31 | W4: index, follow, max-image-preview:large, max-snippet:-1, max-video-preview:-1 | X4: 0 | Y4: 0 | Z4: https://pmb.widyatama.ac.id/jenjang-pendidikan/ | AA4: 0 | AB4: 0 | AC4: 0 | AD4: 0 | AE4: 0 | AF4: 215138 | AG4: 46196 | AH4: 2434454 | AI4: 863026 | AJ4: F | AK4: 1532 | AL4: 289 | AM4: 5301 | AN4: 10221 | AO4: Very Hard | AP4: 4366 | AQ4: 1 | AR4: 1 | AS4: 0 | AT4: 332 | AU4: 77 | AV4: 76 | AW4: 88510 | AX4: 165 | AY4: 54 | AZ4: 0 | BA4: 23 | BB4: 13 | BC4: 8 | BD4: 0 | BE4: 0 | BF4: 0 | BG4: 0 | BH4: fe78e3bec59564785a59504aa8a6fc32 | BI4: 0.141 | BJ4: Saturday, 15-Aug-2026 09:55:44 GMT | BK4: 0 | BL4: 0 | BM4: 0 | BN4: en-US | BO4: 2.0 | BP4: 0 | BQ4: https://pmb.widyatama.ac.id/jenjang-pendidikan/ | BR4: 46249.705 | BT4: 200 + Non-Indexable | BU4: =COUNTIFS(tblCrawl[Status Code],200,tblCrawl[Indexability],"Non-Indexable") -> 4 | BV4: =IFERROR(BU4/$BU$2,0) -> 0.045977011 | BZ4: https://pmb.widyatama.ac.id/jenjang-pendidikan/ | CA4: Indexable | CB4: 0 | CC4: Other | CD4: Main PMB Website | CE4: Yes | CF4: Homepage | CG4: =COUNTIF(_xlfn.ANCHORARRAY(CC2),CF4) -> 1 | CH4: =IFERROR(CG4/SUM($CG$2:$CG$7),0) -> 0.011494253 | CI4: https://pmb.widyatama.ac.id/privacy-policy/ | CK4: privacy-policy | CO4: apresiasi-prestasi-mahasiswa | CP4: =COUNTIF(_xlfn.ANCHORARRAY($CK$2),CO4) -> 1 | CQ4: {=_xlfn.LET( _xlpm.s,LOWER(CO4), _xlfn.SWITCH( TRUE, OR(_xlpm.s="petunjuk-pendaftaran",_xlpm.s="cek-jalur-pendaftaran"),"Admission", OR(_xlpm.s="jenjang-pendidikan",_xlpm.s="output-lulusan"),"Information", OR(_xlpm.s="privacy-policy",_xlpm.s="cookie-policy"),"Policy", _xlpm.s="mahasiswa-internasional","International", OR( _xlpm.s="aktivitas-civitas", _xlpm.s="fasilitas", _xlpm.s="apresiasi-prestasi-mahasiswa", _xlpm.s="asuransi-mahasiswa", _xlpm.s="organisasi-kemahasiswaan" ),"Campus Life", OR( _xlpm.s="register", _xlpm.s="auth", _xlpm.s="homepage/system root" ),"Registration System", _xlpm.s="blog","Content", OR( ISNUMBER(SEARCH("democracy-in-indonesia",_xlpm.s)), ISNUMBER(SEARCH("hidden-dangers-of-sugar",_xlpm.s)), ISNUMBER(SEARCH("rapid-advancement-of-digital-technology",_xlpm.s)), _xlpm.s="2025" ),"Content Review", "Other Review" ) )} -> Campus Life | CS4: Content | CT4: =SUMIF($CQ$2:$CQ$100,CS4,$CP$2:$CP$100) -> 1 | CU4: =IFERROR(CT4/SUM($CT$2:$CT$20),0) -> 0.025641026 | CV4: Information | CW4: Campus Life | CX4: =COUNTIF(_xlfn.ANCHORARRAY($CV$2),CW4) -> 7 | CY4: =IFERROR(CX4/ROWS(_xlfn.ANCHORARRAY($CV$2)),0) -> 0.08045977 | DA4: https://pmb.widyatama.ac.id/category/medicine/ | DB4: Main PMB Website | DC4: Indexable | DD4: category | DE4: medicine | DF4: Content Archive | DG4: Information | DI4: Campus Life | DJ4: =COUNTIF(_xlfn.ANCHORARRAY($DG$2),DI4) -> 7 | DK4: =IFERROR(DJ4/ROWS(_xlfn.ANCHORARRAY($DG$2)),0) -> 0.08045977 | DM4: https://pmb.widyatama.ac.id/democracy-in-indonesia-why-it-feels-weak-at-the-grassroots-4/ | DN4: Main PMB Website | DO4: Indexable | DQ4: Needs Manual Review | DV4: Core PMB Website | DW4: Yes | DX4: Registration System | DY4: =COUNTIF(_xlfn.ANCHORARRAY($DV$2),DX4) -> 10 | DZ4: =IFERROR(DY4/ROWS(_xlfn.ANCHORARRAY($DV$2)),0) -> 0.11494253 | EA4: P2 - High | EC4: P3 - Standard | ED4: =COUNTIF(_xlfn.ANCHORARRAY($EA$2),EC4) -> 6 | EE4: =IFERROR(ED4/ROWS(_xlfn.ANCHORARRAY($EA$2)),0) -> 0.068965517
A5: https://pmb.widyatama.ac.id/privacy-policy/ | B5: text/html; charset=UTF-8 | C5: 200 | D5: 0 | E5: Indexable | F5: 0 | G5: Privacy Policy - PMB UTama | H5: 26 | I5: 251 | J5: 0 | K5: 0 | L5: 0 | M5: 0 | N5: 0 | O5: Kebijakan Privasi Website PMB Universitas Widyatama | P5: 51 | Q5: 0 | R5: 0 | S5: Universitas Widyatama memproses data secara sah, terbatas, dan bertanggung jawab. | T5: 81 | U5: Empat Hal yang Perlu Anda Ketahui | V5: 33 | W5: index, follow, max-image-preview:large, max-snippet:-1, max-video-preview:-1 | X5: 0 | Y5: 0 | Z5: https://pmb.widyatama.ac.id/privacy-policy/ | AA5: 0 | AB5: 0 | AC5: 0 | AD5: 0 | AE5: 0 | AF5: 178267 | AG5: 41064 | AH5: 2369801 | AI5: 840106 | AJ5: E | AK5: 1700 | AL5: 287 | AM5: 5923 | AN5: 0.000 | AO5: Very Hard | AP5: 5997 | AQ5: 1 | AR5: 1 | AS5: 0 | AT5: 107 | AU5: 77 | AV5: 2 | AW5: 88510 | AX5: 134 | AY5: 29 | AZ5: 0 | BA5: 14 | BB5: 8 | BC5: 3 | BD5: 0 | BE5: 0 | BF5: 0 | BG5: 0 | BH5: 401e2e4a0ccb7c9dda5bf523b930781a | BI5: 3159 | BJ5: Saturday, 15-Aug-2026 09:55:46 GMT | BK5: 0 | BL5: 0 | BM5: 0 | BN5: en-US | BO5: 2.0 | BP5: 0 | BQ5: https://pmb.widyatama.ac.id/privacy-policy/ | BR5: 46249.705 | BZ5: https://pmb.widyatama.ac.id/privacy-policy/ | CA5: Indexable | CB5: 0 | CC5: Other | CD5: Main PMB Website | CE5: Yes | CF5: Other | CG5: =COUNTIF(_xlfn.ANCHORARRAY(CC2),CF5) -> 39 | CH5: =IFERROR(CG5/SUM($CG$2:$CG$7),0) -> 0.44827586 | CI5: https://pmb.widyatama.ac.id/cookie-policy/ | CK5: cookie-policy | CM5: =SUM(CM2:CM3) -> 87 | CO5: asuransi-mahasiswa | CP5: =COUNTIF(_xlfn.ANCHORARRAY($CK$2),CO5) -> 1 | CQ5: {=_xlfn.LET( _xlpm.s,LOWER(CO5), _xlfn.SWITCH( TRUE, OR(_xlpm.s="petunjuk-pendaftaran",_xlpm.s="cek-jalur-pendaftaran"),"Admission", OR(_xlpm.s="jenjang-pendidikan",_xlpm.s="output-lulusan"),"Information", OR(_xlpm.s="privacy-policy",_xlpm.s="cookie-policy"),"Policy", _xlpm.s="mahasiswa-internasional","International", OR( _xlpm.s="aktivitas-civitas", _xlpm.s="fasilitas", _xlpm.s="apresiasi-prestasi-mahasiswa", _xlpm.s="asuransi-mahasiswa", _xlpm.s="organisasi-kemahasiswaan" ),"Campus Life", OR( _xlpm.s="register", _xlpm.s="auth", _xlpm.s="homepage/system root" ),"Registration System", _xlpm.s="blog","Content", OR( ISNUMBER(SEARCH("democracy-in-indonesia",_xlpm.s)), ISNUMBER(SEARCH("hidden-dangers-of-sugar",_xlpm.s)), ISNUMBER(SEARCH("rapid-advancement-of-digital-technology",_xlpm.s)), _xlpm.s="2025" ),"Content Review", "Other Review" ) )} -> Campus Life | CS5: Content Review | CT5: =SUMIF($CQ$2:$CQ$100,CS5,$CP$2:$CP$100) -> 11 | CU5: =IFERROR(CT5/SUM($CT$2:$CT$20),0) -> 0.28205128 | CV5: Policy | CW5: Content | CX5: =COUNTIF(_xlfn.ANCHORARRAY($CV$2),CW5) -> 1 | CY5: =IFERROR(CX5/ROWS(_xlfn.ANCHORARRAY($CV$2)),0) -> 0.011494253 | DA5: https://pmb.widyatama.ac.id/category/law-and-policy/ | DB5: Main PMB Website | DC5: Indexable | DD5: category | DE5: law-and-policy | DF5: Content Archive | DG5: Policy | DI5: Content | DJ5: =COUNTIF(_xlfn.ANCHORARRAY($DG$2),DI5) -> 1 | DK5: =IFERROR(DJ5/ROWS(_xlfn.ANCHORARRAY($DG$2)),0) -> 0.011494253 | DM5: https://pmb.widyatama.ac.id/the-hidden-dangers-of-sugar-3/ | DN5: Main PMB Website | DO5: Indexable | DQ5: Needs Manual Review | DV5: Core PMB Website | DW5: Yes | EA5: P3 - Standard | EC5: P4 - Content Audit | ED5: =COUNTIF(_xlfn.ANCHORARRAY($EA$2),EC5) -> 11 | EE5: =IFERROR(ED5/ROWS(_xlfn.ANCHORARRAY($EA$2)),0) -> 0.12643678
A6: https://pmb.widyatama.ac.id/cookie-policy/ | B6: text/html; charset=UTF-8 | C6: 200 | D6: 0 | E6: Indexable | F6: 0 | G6: cookie policy - PMB UTama | H6: 25 | I6: 243 | J6: 0 | K6: 0 | L6: 0 | M6: 0 | N6: 0 | O6: Kebijakan Cookie Website PMB Universitas Widyatama | P6: 50 | Q6: 0 | R6: 0 | S6: Cookies membantu website bekerja, tetapi pengguna tetap perlu tahu dan tetap punya kendali. | T6: 91 | U6: Empat Hal yang Perlu Anda Ketahui | V6: 33 | W6: index, follow, max-image-preview:large, max-snippet:-1, max-video-preview:-1 | X6: 0 | Y6: 0 | Z6: https://pmb.widyatama.ac.id/cookie-policy/ | AA6: 0 | AB6: 0 | AC6: 0 | AD6: 0 | AE6: 0 | AF6: 176891 | AG6: 40040 | AH6: 2371646 | AI6: 840760 | AJ6: E | AK6: 1278 | AL6: 220 | AM6: 5809 | AN6: 0.000 | AO6: Very Hard | AP6: 4702 | AQ6: 1 | AR6: 1 | AS6: 0 | AT6: 99 | AU6: 77 | AV6: 1 | AW6: 88510 | AX6: 136 | AY6: 29 | AZ6: 1 | BA6: 12 | BB6: 8 | BC6: 3 | BD6: 0 | BE6: 0 | BF6: 0 | BG6: 0 | BH6: d062b2afab0c590f5e86ae2e3944feba | BI6: 0.111 | BJ6: Saturday, 15-Aug-2026 09:55:52 GMT | BK6: 0 | BL6: 0 | BM6: 0 | BN6: en-US | BO6: None | BP6: 0 | BQ6: https://pmb.widyatama.ac.id/cookie-policy/ | BR6: 46249.705 | BZ6: https://pmb.widyatama.ac.id/cookie-policy/ | CA6: Indexable | CB6: 0 | CC6: Other | CD6: Main PMB Website | CE6: Yes | CF6: Pricing | CG6: =COUNTIF(_xlfn.ANCHORARRAY(CC2),CF6) -> 4 | CH6: =IFERROR(CG6/SUM($CG$2:$CG$7),0) -> 0.045977011 | CI6: https://pmb.widyatama.ac.id/mahasiswa-internasional/ | CK6: mahasiswa-internasional | CO6: auth | CP6: =COUNTIF(_xlfn.ANCHORARRAY($CK$2),CO6) -> 2 | CQ6: {=_xlfn.LET( _xlpm.s,LOWER(CO6), _xlfn.SWITCH( TRUE, OR(_xlpm.s="petunjuk-pendaftaran",_xlpm.s="cek-jalur-pendaftaran"),"Admission", OR(_xlpm.s="jenjang-pendidikan",_xlpm.s="output-lulusan"),"Information", OR(_xlpm.s="privacy-policy",_xlpm.s="cookie-policy"),"Policy", _xlpm.s="mahasiswa-internasional","International", OR( _xlpm.s="aktivitas-civitas", _xlpm.s="fasilitas", _xlpm.s="apresiasi-prestasi-mahasiswa", _xlpm.s="asuransi-mahasiswa", _xlpm.s="organisasi-kemahasiswaan" ),"Campus Life", OR( _xlpm.s="register", _xlpm.s="auth", _xlpm.s="homepage/system root" ),"Registration System", _xlpm.s="blog","Content", OR( ISNUMBER(SEARCH("democracy-in-indonesia",_xlpm.s)), ISNUMBER(SEARCH("hidden-dangers-of-sugar",_xlpm.s)), ISNUMBER(SEARCH("rapid-advancement-of-digital-technology",_xlpm.s)), _xlpm.s="2025" ),"Content Review", "Other Review" ) )} -> Registration System | CS6: Information | CT6: =SUMIF($CQ$2:$CQ$100,CS6,$CP$2:$CP$100) -> 2 | CU6: =IFERROR(CT6/SUM($CT$2:$CT$20),0) -> 0.051282051 | CV6: Policy | CW6: Content Review | CX6: =COUNTIF(_xlfn.ANCHORARRAY($CV$2),CW6) -> 11 | CY6: =IFERROR(CX6/ROWS(_xlfn.ANCHORARRAY($CV$2)),0) -> 0.12643678 | DG6: Policy | DI6: Content Archive | DJ6: =COUNTIF(_xlfn.ANCHORARRAY($DG$2),DI6) -> 3 | DK6: =IFERROR(DJ6/ROWS(_xlfn.ANCHORARRAY($DG$2)),0) -> 0.034482759 | DM6: https://pmb.widyatama.ac.id/democracy-in-indonesia-why-it-feels-weak-at-the-grassroots-2/ | DN6: Main PMB Website | DO6: Indexable | DQ6: Needs Manual Review | DV6: Core PMB Website | DW6: Yes | EA6: P3 - Standard
A7: https://pmb.widyatama.ac.id/biaya-kuliah-pascasarjana/ | B7: text/html; charset=UTF-8 | C7: 200 | D7: 0 | E7: Indexable | F7: 0 | G7: Biaya Kuliah Pascasarjana - PMB UTama | H7: 37 | I7: 366 | J7: 0 | K7: 0 | L7: 0 | M7: 0 | N7: 0 | O7: Biaya Kuliah Pascasarjana Widyatama Bandung 2026/2027 | P7: 53 | Q7: 0 | R7: 0 | S7: Biaya Pascasarjana tidak selalu dibaca dengan cara yang sama. | T7: 61 | U7: Simulasi Biaya Pascasarjana | V7: 27 | W7: index, follow, max-image-preview:large, max-snippet:-1, max-video-preview:-1 | X7: 0 | Y7: 0 | Z7: https://pmb.widyatama.ac.id/biaya-kuliah-pascasarjana/ | AA7: 0 | AB7: 0 | AC7: 0 | AD7: 0 | AE7: 0 | AF7: 223170 | AG7: 47024 | AH7: 2345517 | AI7: 831498 | AJ7: E | AK7: 1306 | AL7: 237 | AM7: 5511 | AN7: 23038 | AO7: Very Hard | AP7: 3700 | AQ7: 1 | AR7: 1 | AS7: 0 | AT7: 333 | AU7: 77 | AV7: 76 | AW7: 88510 | AX7: 129 | AY7: 29 | AZ7: 1 | BA7: 16 | BB7: 8 | BC7: 3 | BD7: 0 | BE7: 0 | BF7: 0 | BG7: 0 | BH7: 3a62e661b9c165c6386f7c8bfde05de8 | BI7: 0.094 | BJ7: Saturday, 15-Aug-2026 09:55:53 GMT | BK7: 0 | BL7: 0 | BM7: 0 | BN7: en-US | BO7: None | BP7: 0 | BQ7: https://pmb.widyatama.ac.id/biaya-kuliah-pascasarjana/ | BR7: 46249.705 | BZ7: https://pmb.widyatama.ac.id/biaya-kuliah-pascasarjana/ | CA7: Indexable | CB7: 0 | CC7: Pricing | CD7: Main PMB Website | CE7: Yes | CF7: Program | CG7: =COUNTIF(_xlfn.ANCHORARRAY(CC2),CF7) -> 29 | CH7: =IFERROR(CG7/SUM($CG$2:$CG$7),0) -> 0.33333333 | CI7: https://pmb.widyatama.ac.id/output-lulusan/ | CK7: output-lulusan | CO7: blog | CP7: =COUNTIF(_xlfn.ANCHORARRAY($CK$2),CO7) -> 1 | CQ7: {=_xlfn.LET( _xlpm.s,LOWER(CO7), _xlfn.SWITCH( TRUE, OR(_xlpm.s="petunjuk-pendaftaran",_xlpm.s="cek-jalur-pendaftaran"),"Admission", OR(_xlpm.s="jenjang-pendidikan",_xlpm.s="output-lulusan"),"Information", OR(_xlpm.s="privacy-policy",_xlpm.s="cookie-policy"),"Policy", _xlpm.s="mahasiswa-internasional","International", OR( _xlpm.s="aktivitas-civitas", _xlpm.s="fasilitas", _xlpm.s="apresiasi-prestasi-mahasiswa", _xlpm.s="asuransi-mahasiswa", _xlpm.s="organisasi-kemahasiswaan" ),"Campus Life", OR( _xlpm.s="register", _xlpm.s="auth", _xlpm.s="homepage/system root" ),"Registration System", _xlpm.s="blog","Content", OR( ISNUMBER(SEARCH("democracy-in-indonesia",_xlpm.s)), ISNUMBER(SEARCH("hidden-dangers-of-sugar",_xlpm.s)), ISNUMBER(SEARCH("rapid-advancement-of-digital-technology",_xlpm.s)), _xlpm.s="2025" ),"Content Review", "Other Review" ) )} -> Content | CS7: International | CT7: =SUMIF($CQ$2:$CQ$100,CS7,$CP$2:$CP$100) -> 1 | CU7: =IFERROR(CT7/SUM($CT$2:$CT$20),0) -> 0.025641026 | CV7: Pricing | CW7: Homepage | CX7: =COUNTIF(_xlfn.ANCHORARRAY($CV$2),CW7) -> 1 | CY7: =IFERROR(CX7/ROWS(_xlfn.ANCHORARRAY($CV$2)),0) -> 0.011494253 | DG7: Pricing | DI7: Content Review | DJ7: =COUNTIF(_xlfn.ANCHORARRAY($DG$2),DI7) -> 11 | DK7: =IFERROR(DJ7/ROWS(_xlfn.ANCHORARRAY($DG$2)),0) -> 0.12643678 | DM7: https://pmb.widyatama.ac.id/the-hidden-dangers-of-sugar-2/ | DN7: Main PMB Website | DO7: Indexable | DQ7: Needs Manual Review | DV7: Core PMB Website | DW7: Yes | EA7: P1 - Critical
A8: https://pmb.widyatama.ac.id/mahasiswa-internasional/ | B8: text/html; charset=UTF-8 | C8: 200 | D8: 0 | E8: Indexable | F8: 0 | G8: Mahasiswa Internasional - PMB UTama | H8: 35 | I8: 352 | J8: 0 | K8: 0 | L8: 0 | M8: 0 | N8: 0 | O8: Mahasiswa Internasional Universitas Widyatama | P8: 45 | Q8: 0 | R8: 0 | S8: Siapkan dokumen akademik dan identitas sebelum memulai pendaftaran. | T8: 67 | U8: Apa yang Perlu Disiapkan Sebelum Mendaftar? | V8: 43 | W8: index, follow, max-image-preview:large, max-snippet:-1, max-video-preview:-1 | X8: 0 | Y8: 0 | Z8: https://pmb.widyatama.ac.id/mahasiswa-internasional/ | AA8: 0 | AB8: 0 | AC8: 0 | AD8: 0 | AE8: 0 | AF8: 166543 | AG8: 37187 | AH8: 13809173 | AI8: 4895421 | AJ8: F | AK8: 668 | AL8: 142 | AM8: 4704 | AN8: 0.000 | AO8: Very Hard | AP8: 2946 | AQ8: 1 | AR8: 1 | AS8: 0 | AT8: 323 | AU8: 77 | AV8: 76 | AW8: 88510 | AX8: 132 | AY8: 31 | AZ8: 1 | BA8: 15 | BB8: 8 | BC8: 3 | BD8: 0 | BE8: 0 | BF8: 0 | BG8: 0 | BH8: c5ae0eee17e720e69e88c30d34b9438b | BI8: 0.101 | BJ8: Saturday, 15-Aug-2026 09:55:58 GMT | BK8: 0 | BL8: 0 | BM8: 0 | BN8: en-US | BO8: None | BP8: 0 | BQ8: https://pmb.widyatama.ac.id/mahasiswa-internasional/ | BR8: 46249.706 | BT8: URL | BU8: Indexability Status | BZ8: https://pmb.widyatama.ac.id/mahasiswa-internasional/ | CA8: Indexable | CB8: 0 | CC8: Other | CD8: Main PMB Website | CE8: Yes | CF8: Total | CG8: =SUM(CG2:CG7) -> 87 | CH8: =SUM(CH2:CH7) -> 1 | CI8: https://pmb.widyatama.ac.id/blog/ | CK8: blog | CO8: category | CP8: =COUNTIF(_xlfn.ANCHORARRAY($CK$2),CO8) -> 3 | CQ8: {=_xlfn.LET( _xlpm.s,LOWER(CO8), _xlfn.SWITCH( TRUE, OR(_xlpm.s="petunjuk-pendaftaran",_xlpm.s="cek-jalur-pendaftaran"),"Admission", OR(_xlpm.s="jenjang-pendidikan",_xlpm.s="output-lulusan"),"Information", OR(_xlpm.s="privacy-policy",_xlpm.s="cookie-policy"),"Policy", _xlpm.s="mahasiswa-internasional","International", OR( _xlpm.s="aktivitas-civitas", _xlpm.s="fasilitas", _xlpm.s="apresiasi-prestasi-mahasiswa", _xlpm.s="asuransi-mahasiswa", _xlpm.s="organisasi-kemahasiswaan" ),"Campus Life", OR( _xlpm.s="register", _xlpm.s="auth", _xlpm.s="homepage/system root" ),"Registration System", _xlpm.s="blog","Content", OR( ISNUMBER(SEARCH("democracy-in-indonesia",_xlpm.s)), ISNUMBER(SEARCH("hidden-dangers-of-sugar",_xlpm.s)), ISNUMBER(SEARCH("rapid-advancement-of-digital-technology",_xlpm.s)), _xlpm.s="2025" ),"Content Review", "Other Review" ) )} -> Other Review | CS8: Other Review | CT8: =SUMIF($CQ$2:$CQ$100,CS8,$CP$2:$CP$100) -> 4 | CU8: =IFERROR(CT8/SUM($CT$2:$CT$20),0) -> 0.1025641 | CV8: International | CW8: Information | CX8: =COUNTIF(_xlfn.ANCHORARRAY($CV$2),CW8) -> 2 | CY8: =IFERROR(CX8/ROWS(_xlfn.ANCHORARRAY($CV$2)),0) -> 0.022988506 | DG8: International | DI8: Homepage | DJ8: =COUNTIF(_xlfn.ANCHORARRAY($DG$2),DI8) -> 1 | DK8: =IFERROR(DJ8/ROWS(_xlfn.ANCHORARRAY($DG$2)),0) -> 0.011494253 | DM8: https://pmb.widyatama.ac.id/the-hidden-dangers-of-sugar/ | DN8: Main PMB Website | DO8: Indexable | DQ8: Needs Manual Review | DV8: Core PMB Website | DW8: Yes | EA8: P2 - High
A9: https://pmb.widyatama.ac.id/output-lulusan/ | B9: text/html; charset=UTF-8 | C9: 200 | D9: 0 | E9: Indexable | F9: 0 | G9: Output Lulusan - PMB UTama | H9: 26 | I9: 263 | J9: 0 | K9: 0 | L9: 0 | M9: 0 | N9: 0 | O9: Output Lulusan Universitas Widyatama | P9: 36 | Q9: 0 | R9: 0 | S9: Halaman ini menjelaskan dokumen dan sertifikasi yang menjadi output setelah lulus. | T9: 82 | U9: Tidak Hanya Ijazah, tetapi Juga Bukti Kompetensi | V9: 48 | W9: index, follow, max-image-preview:large, max-snippet:-1, max-video-preview:-1 | X9: 0 | Y9: 0 | Z9: https://pmb.widyatama.ac.id/output-lulusan/ | AA9: 0 | AB9: 0 | AC9: 0 | AD9: 0 | AE9: 0 | AF9: 155013 | AG9: 35332 | AH9: 2683647 | AI9: 951366 | AJ9: F | AK9: 346 | AL9: 77 | AM9: 4494 | AN9: 0.000 | AO9: Very Hard | AP9: 2056 | AQ9: 1 | AR9: 1 | AS9: 0 | AT9: 316 | AU9: 77 | AV9: 76 | AW9: 88510 | AX9: 127 | AY9: 28 | AZ9: 0 | BA9: 8 | BB9: 7 | BC9: 2 | BD9: 0 | BE9: 0 | BF9: 0 | BG9: 0 | BH9: c40c6727e76f0a4013fda4e11f1aa632 | BI9: 0.265 | BJ9: Saturday, 15-Aug-2026 09:56:08 GMT | BK9: 0 | BL9: 0 | BM9: 0 | BN9: en-US | BO9: None | BP9: 0 | BQ9: https://pmb.widyatama.ac.id/output-lulusan/ | BR9: 46249.706 | BT9: {=_xlfn._xlws.FILTER(tblCrawl[Address],(tblCrawl[Status Code]=200)*(tblCrawl[Indexability]="Non-Indexable"),"Tidak ada URL")} -> https://pmb.widyatama.ac.id/aktivitas-civitas/3/ | BU9: {=_xlfn._xlws.FILTER(tblCrawl[Indexability Status],(tblCrawl[Status Code]=200)*(tblCrawl[Indexability]="Non-Indexable"),"")} -> Canonicalised | BZ9: https://pmb.widyatama.ac.id/output-lulusan/ | CA9: Indexable | CB9: 0 | CC9: Other | CD9: Main PMB Website | CE9: Yes | CI9: https://online.pmb.widyatama.ac.id/ | CK9: Homepage/System Root | CO9: cek-jalur-pendaftaran | CP9: =COUNTIF(_xlfn.ANCHORARRAY($CK$2),CO9) -> 1 | CQ9: {=_xlfn.LET( _xlpm.s,LOWER(CO9), _xlfn.SWITCH( TRUE, OR(_xlpm.s="petunjuk-pendaftaran",_xlpm.s="cek-jalur-pendaftaran"),"Admission", OR(_xlpm.s="jenjang-pendidikan",_xlpm.s="output-lulusan"),"Information", OR(_xlpm.s="privacy-policy",_xlpm.s="cookie-policy"),"Policy", _xlpm.s="mahasiswa-internasional","International", OR( _xlpm.s="aktivitas-civitas", _xlpm.s="fasilitas", _xlpm.s="apresiasi-prestasi-mahasiswa", _xlpm.s="asuransi-mahasiswa", _xlpm.s="organisasi-kemahasiswaan" ),"Campus Life", OR( _xlpm.s="register", _xlpm.s="auth", _xlpm.s="homepage/system root" ),"Registration System", _xlpm.s="blog","Content", OR( ISNUMBER(SEARCH("democracy-in-indonesia",_xlpm.s)), ISNUMBER(SEARCH("hidden-dangers-of-sugar",_xlpm.s)), ISNUMBER(SEARCH("rapid-advancement-of-digital-technology",_xlpm.s)), _xlpm.s="2025" ),"Content Review", "Other Review" ) )} -> Admission | CS9: Policy | CT9: =SUMIF($CQ$2:$CQ$100,CS9,$CP$2:$CP$100) -> 2 | CU9: =IFERROR(CT9/SUM($CT$2:$CT$20),0) -> 0.051282051 | CV9: Information | CW9: International | CX9: =COUNTIF(_xlfn.ANCHORARRAY($CV$2),CW9) -> 1 | CY9: =IFERROR(CX9/ROWS(_xlfn.ANCHORARRAY($CV$2)),0) -> 0.011494253 | DG9: Information | DI9: Information | DJ9: =COUNTIF(_xlfn.ANCHORARRAY($DG$2),DI9) -> 2 | DK9: =IFERROR(DJ9/ROWS(_xlfn.ANCHORARRAY($DG$2)),0) -> 0.022988506 | DM9: https://pmb.widyatama.ac.id/the-rapid-advancement-of-digital-technology/ | DN9: Main PMB Website | DO9: Indexable | DQ9: Needs Manual Review | DV9: Core PMB Website | DW9: Yes | EA9: P2 - High
A10: https://pmb.widyatama.ac.id/beasiswa-mahasiswa-aktif/ | B10: text/html; charset=UTF-8 | C10: 200 | D10: 0 | E10: Indexable | F10: 0 | G10: Beasiswa Mahasiswa Aktif - PMB UTama | H10: 36 | I10: 369 | J10: 0 | K10: 0 | L10: 0 | M10: 0 | N10: 0 | O10: Beasiswa Mahasiswa Aktif Universitas Widyatama | P10: 46 | Q10: 0 | R10: 0 | S10: Beasiswa ini berlaku setelah calon mahasiswa resmi menjadi mahasiswa aktif. | T10: 75 | U10: Ada Peluang Beasiswa Setelah Menjadi Mahasiswa Aktif | V10: 52 | W10: index, follow, max-image-preview:large, max-snippet:-1, max-video-preview:-1 | X10: 0 | Y10: 0 | Z10: https://pmb.widyatama.ac.id/beasiswa-mahasiswa-aktif/ | AA10: 0 | AB10: 0 | AC10: 0 | AD10: 0 | AE10: 0 | AF10: 154131 | AG10: 35009 | AH10: 2359730 | AI10: 836536 | AJ10: E | AK10: 458 | AL10: 131 | AM10: 3496 | AN10: 11366 | AO10: Very Hard | AP10: 2383 | AQ10: 1 | AR10: 1 | AS10: 0 | AT10: 316 | AU10: 77 | AV10: 76 | AW10: 88510 | AX10: 127 | AY10: 29 | AZ10: 0 | BA10: 8 | BB10: 7 | BC10: 2 | BD10: 0 | BE10: 0 | BF10: 0 | BG10: 0 | BH10: c573cedd5f4118e1c089b7888c4a266b | BI10: 0.150 | BJ10: Saturday, 15-Aug-2026 09:56:14 GMT | BK10: 0 | BL10: 0 | BM10: 0 | BN10: en-US | BO10: None | BP10: 0 | BQ10: https://pmb.widyatama.ac.id/beasiswa-mahasiswa-aktif/ | BR10: 46249.706 | BT10: https://pmb.widyatama.ac.id/aktivitas-civitas/2/ | BU10: Canonicalised | BZ10: https://pmb.widyatama.ac.id/beasiswa-mahasiswa-aktif/ | CA10: Indexable | CB10: 0 | CC10: Campaign | CD10: Main PMB Website | CE10: Yes | CI10: https://pmb.widyatama.ac.id/aktivitas-civitas/ | CK10: aktivitas-civitas | CO10: cookie-policy | CP10: =COUNTIF(_xlfn.ANCHORARRAY($CK$2),CO10) -> 1 | CQ10: {=_xlfn.LET( _xlpm.s,LOWER(CO10), _xlfn.SWITCH( TRUE, OR(_xlpm.s="petunjuk-pendaftaran",_xlpm.s="cek-jalur-pendaftaran"),"Admission", OR(_xlpm.s="jenjang-pendidikan",_xlpm.s="output-lulusan"),"Information", OR(_xlpm.s="privacy-policy",_xlpm.s="cookie-policy"),"Policy", _xlpm.s="mahasiswa-internasional","International", OR( _xlpm.s="aktivitas-civitas", _xlpm.s="fasilitas", _xlpm.s="apresiasi-prestasi-mahasiswa", _xlpm.s="asuransi-mahasiswa", _xlpm.s="organisasi-kemahasiswaan" ),"Campus Life", OR( _xlpm.s="register", _xlpm.s="auth", _xlpm.s="homepage/system root" ),"Registration System", _xlpm.s="blog","Content", OR( ISNUMBER(SEARCH("democracy-in-indonesia",_xlpm.s)), ISNUMBER(SEARCH("hidden-dangers-of-sugar",_xlpm.s)), ISNUMBER(SEARCH("rapid-advancement-of-digital-technology",_xlpm.s)), _xlpm.s="2025" ),"Content Review", "Other Review" ) )} -> Policy | CS10: Registration System | CT10: =SUMIF($CQ$2:$CQ$100,CS10,$CP$2:$CP$100) -> 9 | CU10: =IFERROR(CT10/SUM($CT$2:$CT$20),0) -> 0.23076923 | CV10: Campaign | CW10: Other Review | CX10: =COUNTIF(_xlfn.ANCHORARRAY($CV$2),CW10) -> 4 | CY10: =IFERROR(CX10/ROWS(_xlfn.ANCHORARRAY($CV$2)),0) -> 0.045977011 | DG10: Campaign | DI10: International | DJ10: =COUNTIF(_xlfn.ANCHORARRAY($DG$2),DI10) -> 1 | DK10: =IFERROR(DJ10/ROWS(_xlfn.ANCHORARRAY($DG$2)),0) -> 0.011494253 | DM10: https://pmb.widyatama.ac.id/the-rapid-advancement-of-digital-technology-2/ | DN10: Main PMB Website | DO10: Indexable | DQ10: Needs Manual Review | DV10: Core PMB Website | DW10: Yes | EA10: P2 - High
A11: https://pmb.widyatama.ac.id/program-rpl/ | B11: text/html; charset=UTF-8 | C11: 200 | D11: 0 | E11: Indexable | F11: 0 | G11: Program RPL - PMB UTama | H11: 23 | I11: 245 | J11: 0 | K11: 0 | L11: 0 | M11: 0 | N11: 0 | O11: Program RPL Widyatama Bandung: Rekognisi Pengalaman Kerja & Pembelajaran Lampau | P11: 79 | Q11: 0 | R11: 0 | S11: Sudah punya pengalaman kerja, pernah kuliah, atau punya sertifikasi? | T11: 68 | U11: Sudah Punya Pengalaman? Saatnya Cek Potensi Rekognisi Anda | V11: 58 | W11: index, follow, max-image-preview:large, max-snippet:-1, max-video-preview:-1 | X11: 0 | Y11: 0 | Z11: https://pmb.widyatama.ac.id/program-rpl/ | AA11: 0 | AB11: 0 | AC11: 0 | AD11: 0 | AE11: 0 | AF11: 216360 | AG11: 45408 | AH11: 3130406 | AI11: 1109745 | AJ11: F | AK11: 1552 | AL11: 260 | AM11: 5969 | AN11: 10699 | AO11: Very Hard | AP11: 4416 | AQ11: 1 | AR11: 1 | AS11: 0 | AT11: 330 | AU11: 77 | AV11: 76 | AW11: 88510 | AX11: 160 | AY11: 51 | AZ11: 1 | BA11: 19 | BB11: 8 | BC11: 3 | BD11: 0 | BE11: 0 | BF11: 0 | BG11: 0 | BH11: e489ccee94e009b0984b4f1ce884fe0a | BI11: 0.388 | BJ11: Saturday, 15-Aug-2026 09:56:12 GMT | BK11: 0 | BL11: 0 | BM11: 0 | BN11: en-US | BO11: None | BP11: 0 | BQ11: https://pmb.widyatama.ac.id/program-rpl/ | BR11: 46249.706 | BT11: https://pmb.widyatama.ac.id/2025/09/19/ | BU11: noindex | BZ11: https://pmb.widyatama.ac.id/program-rpl/ | CA11: Indexable | CB11: 0 | CC11: Program | CD11: Main PMB Website | CE11: Yes | CI11: https://pmb.widyatama.ac.id/cek-jalur-pendaftaran/ | CK11: cek-jalur-pendaftaran | CO11: democracy-in-indonesia-why-it-feels-weak-at-the-grassroots | CP11: =COUNTIF(_xlfn.ANCHORARRAY($CK$2),CO11) -> 1 | CQ11: {=_xlfn.LET( _xlpm.s,LOWER(CO11), _xlfn.SWITCH( TRUE, OR(_xlpm.s="petunjuk-pendaftaran",_xlpm.s="cek-jalur-pendaftaran"),"Admission", OR(_xlpm.s="jenjang-pendidikan",_xlpm.s="output-lulusan"),"Information", OR(_xlpm.s="privacy-policy",_xlpm.s="cookie-policy"),"Policy", _xlpm.s="mahasiswa-internasional","International", OR( _xlpm.s="aktivitas-civitas", _xlpm.s="fasilitas", _xlpm.s="apresiasi-prestasi-mahasiswa", _xlpm.s="asuransi-mahasiswa", _xlpm.s="organisasi-kemahasiswaan" ),"Campus Life", OR( _xlpm.s="register", _xlpm.s="auth", _xlpm.s="homepage/system root" ),"Registration System", _xlpm.s="blog","Content", OR( ISNUMBER(SEARCH("democracy-in-indonesia",_xlpm.s)), ISNUMBER(SEARCH("hidden-dangers-of-sugar",_xlpm.s)), ISNUMBER(SEARCH("rapid-advancement-of-digital-technology",_xlpm.s)), _xlpm.s="2025" ),"Content Review", "Other Review" ) )} -> Content Review | CV11: Program | CW11: Policy | CX11: =COUNTIF(_xlfn.ANCHORARRAY($CV$2),CW11) -> 2 | CY11: =IFERROR(CX11/ROWS(_xlfn.ANCHORARRAY($CV$2)),0) -> 0.022988506 | DG11: Program | DI11: Policy | DJ11: =COUNTIF(_xlfn.ANCHORARRAY($DG$2),DI11) -> 2 | DK11: =IFERROR(DJ11/ROWS(_xlfn.ANCHORARRAY($DG$2)),0) -> 0.022988506 | DM11: https://pmb.widyatama.ac.id/democracy-in-indonesia-why-it-feels-weak-at-the-grassroots-3/ | DN11: Main PMB Website | DO11: Indexable | DQ11: Needs Manual Review | DV11: Core PMB Website | DW11: Yes | EA11: P1 - Critical
A12: https://pmb.widyatama.ac.id/biaya-kuliah-kelas-karyawan/ | B12: text/html; charset=UTF-8 | C12: 200 | D12: 0 | E12: Indexable | F12: 0 | G12: Biaya Kuliah Kelas Karyawan - PMB UTama | H12: 39 | I12: 386 | J12: 0 | K12: 0 | L12: 0 | M12: 0 | N12: 0 | O12: Biaya Kuliah Kelas Karyawan Widyatama Bandung 2026/2027 | P12: 55 | Q12: 0 | R12: 0 | S12: Butuh skema biaya yang lebih mudah direncanakan? | T12: 48 | U12: Simulasi Biaya Kelas Karyawan | V12: 29 | W12: index, follow, max-image-preview:large, max-snippet:-1, max-video-preview:-1 | X12: 0 | Y12: 0 | Z12: https://pmb.widyatama.ac.id/biaya-kuliah-kelas-karyawan/ | AA12: 0 | AB12: 0 | AC12: 0 | AD12: 0 | AE12: 0 | AF12: 228505 | AG12: 48568 | AH12: 2344527 | AI12: 831147 | AJ12: E | AK12: 1256 | AL12: 195 | AM12: 6441 | AN12: 19310 | AO12: Very Hard | AP12: 3706 | AQ12: 1 | AR12: 1 | AS12: 0 | AT12: 333 | AU12: 77 | AV12: 76 | AW12: 88510 | AX12: 130 | AY12: 29 | AZ12: 0 | BA12: 16 | BB12: 8 | BC12: 3 | BD12: 0 | BE12: 0 | BF12: 0 | BG12: 0 | BH12: d7620fe32c20cc691c4f96210da7f795 | BI12: 0.218 | BJ12: Saturday, 15-Aug-2026 09:56:16 GMT | BK12: 0 | BL12: 0 | BM12: 0 | BN12: en-US | BO12: None | BP12: 0 | BQ12: https://pmb.widyatama.ac.id/biaya-kuliah-kelas-karyawan/ | BR12: 46249.706 | BT12: https://pmb.widyatama.ac.id/2025/09/13/ | BU12: noindex | BZ12: https://pmb.widyatama.ac.id/biaya-kuliah-kelas-karyawan/ | CA12: Indexable | CB12: 0 | CC12: Pricing | CD12: Main PMB Website | CE12: Yes | CI12: https://pmb.widyatama.ac.id/fasilitas/ | CK12: fasilitas | CO12: democracy-in-indonesia-why-it-feels-weak-at-the-grassroots-2 | CP12: =COUNTIF(_xlfn.ANCHORARRAY($CK$2),CO12) -> 1 | CQ12: {=_xlfn.LET( _xlpm.s,LOWER(CO12), _xlfn.SWITCH( TRUE, OR(_xlpm.s="petunjuk-pendaftaran",_xlpm.s="cek-jalur-pendaftaran"),"Admission", OR(_xlpm.s="jenjang-pendidikan",_xlpm.s="output-lulusan"),"Information", OR(_xlpm.s="privacy-policy",_xlpm.s="cookie-policy"),"Policy", _xlpm.s="mahasiswa-internasional","International", OR( _xlpm.s="aktivitas-civitas", _xlpm.s="fasilitas", _xlpm.s="apresiasi-prestasi-mahasiswa", _xlpm.s="asuransi-mahasiswa", _xlpm.s="organisasi-kemahasiswaan" ),"Campus Life", OR( _xlpm.s="register", _xlpm.s="auth", _xlpm.s="homepage/system root" ),"Registration System", _xlpm.s="blog","Content", OR( ISNUMBER(SEARCH("democracy-in-indonesia",_xlpm.s)), ISNUMBER(SEARCH("hidden-dangers-of-sugar",_xlpm.s)), ISNUMBER(SEARCH("rapid-advancement-of-digital-technology",_xlpm.s)), _xlpm.s="2025" ),"Content Review", "Other Review" ) )} -> Content Review | CV12: Pricing | CW12: Pricing | CX12: =COUNTIF(_xlfn.ANCHORARRAY($CV$2),CW12) -> 4 | CY12: =IFERROR(CX12/ROWS(_xlfn.ANCHORARRAY($CV$2)),0) -> 0.045977011 | DG12: Pricing | DI12: Pricing | DJ12: =COUNTIF(_xlfn.ANCHORARRAY($DG$2),DI12) -> 4 | DK12: =IFERROR(DJ12/ROWS(_xlfn.ANCHORARRAY($DG$2)),0) -> 0.045977011 | DM12: https://pmb.widyatama.ac.id/2025/09/13/ | DN12: Main PMB Website | DO12: Non-Indexable | DQ12: Needs Manual Review | DV12: Core PMB Website | DW12: Yes | EA12: P1 - Critical
A13: https://pmb.widyatama.ac.id/jurusan/ | B13: text/html; charset=UTF-8 | C13: 200 | D13: 0 | E13: Indexable | F13: 0 | G13: Jurusan - PMB UTama | H13: 19 | I13: 201 | J13: 0 | K13: 0 | L13: 0 | M13: 0 | N13: 0 | O13: Daftar Jurusan di Universitas Widyatama Bandung | P13: 47 | Q13: 0 | R13: 0 | S13: Mulai dari minat, jenjang, dan prospek karier yang Anda tuju. | T13: 61 | U13: Pencarian | V13: 9 | W13: index, follow, max-image-preview:large, max-snippet:-1, max-video-preview:-1 | X13: 0 | Y13: 0 | Z13: https://pmb.widyatama.ac.id/jurusan/ | AA13: 0 | AB13: 0 | AC13: 0 | AD13: 0 | AE13: 0 | AF13: 194593 | AG13: 41500 | AH13: 27480260 | AI13: 9741890 | AJ13: F | AK13: 526 | AL13: 172 | AM13: 3058 | AN13: 0.000 | AO13: Very Hard | AP13: 2245 | AQ13: 1 | AR13: 1 | AS13: 0 | AT13: 377 | AU13: 77 | AV13: 77 | AW13: 88510 | AX13: 167 | AY13: 80 | AZ13: 0 | BA13: 14 | BB13: 8 | BC13: 3 | BD13: 0 | BE13: 0 | BF13: 0 | BG13: 0 | BH13: cda17362fd9d8bab8f3757cbdcdfe342 | BI13: 0.224 | BJ13: Saturday, 15-Aug-2026 09:56:10 GMT | BK13: 0 | BL13: 0 | BM13: 0 | BN13: en-US | BO13: None | BP13: 0 | BQ13: https://pmb.widyatama.ac.id/jurusan/ | BR13: 46249.706 | BZ13: https://pmb.widyatama.ac.id/jurusan/ | CA13: Indexable | CB13: 0 | CC13: Program | CD13: Main PMB Website | CE13: Yes | CI13: https://pmb.widyatama.ac.id/apresiasi-prestasi-mahasiswa/ | CK13: apresiasi-prestasi-mahasiswa | CO13: democracy-in-indonesia-why-it-feels-weak-at-the-grassroots-3 | CP13: =COUNTIF(_xlfn.ANCHORARRAY($CK$2),CO13) -> 1 | CQ13: {=_xlfn.LET( _xlpm.s,LOWER(CO13), _xlfn.SWITCH( TRUE, OR(_xlpm.s="petunjuk-pendaftaran",_xlpm.s="cek-jalur-pendaftaran"),"Admission", OR(_xlpm.s="jenjang-pendidikan",_xlpm.s="output-lulusan"),"Information", OR(_xlpm.s="privacy-policy",_xlpm.s="cookie-policy"),"Policy", _xlpm.s="mahasiswa-internasional","International", OR( _xlpm.s="aktivitas-civitas", _xlpm.s="fasilitas", _xlpm.s="apresiasi-prestasi-mahasiswa", _xlpm.s="asuransi-mahasiswa", _xlpm.s="organisasi-kemahasiswaan" ),"Campus Life", OR( _xlpm.s="register", _xlpm.s="auth", _xlpm.s="homepage/system root" ),"Registration System", _xlpm.s="blog","Content", OR( ISNUMBER(SEARCH("democracy-in-indonesia",_xlpm.s)), ISNUMBER(SEARCH("hidden-dangers-of-sugar",_xlpm.s)), ISNUMBER(SEARCH("rapid-advancement-of-digital-technology",_xlpm.s)), _xlpm.s="2025" ),"Content Review", "Other Review" ) )} -> Content Review | CV13: Program | CW13: Program | CX13: =COUNTIF(_xlfn.ANCHORARRAY($CV$2),CW13) -> 29 | CY13: =IFERROR(CX13/ROWS(_xlfn.ANCHORARRAY($CV$2)),0) -> 0.33333333 | DG13: Program | DI13: Program | DJ13: =COUNTIF(_xlfn.ANCHORARRAY($DG$2),DI13) -> 29 | DK13: =IFERROR(DJ13/ROWS(_xlfn.ANCHORARRAY($DG$2)),0) -> 0.33333333 | DV13: Core PMB Website | DW13: Yes | EA13: P1 - Critical
A14: https://pmb.widyatama.ac.id/blog/ | B14: text/html; charset=UTF-8 | C14: 200 | D14: 0 | E14: Indexable | F14: 0 | G14: Blog - PMB UTama | H14: 16 | I14: 168 | J14: 0 | K14: 0 | L14: 0 | M14: 0 | N14: 0 | O14: The Rapid Advancement of Digital Technology | P14: 43 | Q14: Democracy in Indonesia: Why It Feels Weak at the Grassroots | R14: 59 | S14: Search | T14: 6 | U14: Categories | V14: 10 | W14: index, follow, max-image-preview:large, max-snippet:-1, max-video-preview:-1 | X14: 0 | Y14: 0 | Z14: https://pmb.widyatama.ac.id/blog/ | AA14: 0 | AB14: 0 | AC14: 0 | AD14: 0 | AE14: 0 | AF14: 172841 | AG14: 33714 | AH14: 2943781 | AI14: 1043585 | AJ14: F | AK14: 319 | AL14: 82 | AM14: 3890 | AN14: 70815 | AO14: Fairly Easy | AP14: 1610 | AQ14: 1 | AR14: 1 | AS14: 0 | AT14: 317 | AU14: 77 | AV14: 76 | AW14: 88510 | AX14: 149 | AY14: 39 | AZ14: 0 | BA14: 8 | BB14: 7 | BC14: 2 | BD14: 0 | BE14: 0 | BF14: 0 | BG14: 0 | BH14: 5bd6aad56c78051ff764117d1cae49cf | BI14: 0.222 | BJ14: Saturday, 15-Aug-2026 09:56:23 GMT | BK14: 0 | BL14: 0 | BM14: 0 | BN14: en-US | BO14: None | BP14: 0 | BQ14: https://pmb.widyatama.ac.id/blog/ | BR14: 46249.706 | BZ14: https://pmb.widyatama.ac.id/blog/ | CA14: Indexable | CB14: 0 | CC14: Other | CD14: Main PMB Website | CE14: Yes | CI14: https://pmb.widyatama.ac.id/asuransi-mahasiswa/ | CK14: asuransi-mahasiswa | CO14: democracy-in-indonesia-why-it-feels-weak-at-the-grassroots-4 | CP14: =COUNTIF(_xlfn.ANCHORARRAY($CK$2),CO14) -> 1 | CQ14: {=_xlfn.LET( _xlpm.s,LOWER(CO14), _xlfn.SWITCH( TRUE, OR(_xlpm.s="petunjuk-pendaftaran",_xlpm.s="cek-jalur-pendaftaran"),"Admission", OR(_xlpm.s="jenjang-pendidikan",_xlpm.s="output-lulusan"),"Information", OR(_xlpm.s="privacy-policy",_xlpm.s="cookie-policy"),"Policy", _xlpm.s="mahasiswa-internasional","International", OR( _xlpm.s="aktivitas-civitas", _xlpm.s="fasilitas", _xlpm.s="apresiasi-prestasi-mahasiswa", _xlpm.s="asuransi-mahasiswa", _xlpm.s="organisasi-kemahasiswaan" ),"Campus Life", OR( _xlpm.s="register", _xlpm.s="auth", _xlpm.s="homepage/system root" ),"Registration System", _xlpm.s="blog","Content", OR( ISNUMBER(SEARCH("democracy-in-indonesia",_xlpm.s)), ISNUMBER(SEARCH("hidden-dangers-of-sugar",_xlpm.s)), ISNUMBER(SEARCH("rapid-advancement-of-digital-technology",_xlpm.s)), _xlpm.s="2025" ),"Content Review", "Other Review" ) )} -> Content Review | CV14: Content | CW14: Registration System | CX14: =COUNTIF(_xlfn.ANCHORARRAY($CV$2),CW14) -> 9 | CY14: =IFERROR(CX14/ROWS(_xlfn.ANCHORARRAY($CV$2)),0) -> 0.10344828 | DG14: Content | DI14: Registration System | DJ14: =COUNTIF(_xlfn.ANCHORARRAY($DG$2),DI14) -> 10 | DK14: =IFERROR(DJ14/ROWS(_xlfn.ANCHORARRAY($DG$2)),0) -> 0.11494253 | DV14: Core PMB Website | DW14: Yes | EA14: P3 - Standard
A15: https://pmb.widyatama.ac.id/biaya-kuliah-kelas-reguler/ | B15: text/html; charset=UTF-8 | C15: 200 | D15: 0 | E15: Indexable | F15: 0 | G15: Biaya Kuliah Kelas Reguler - PMB UTama | H15: 38 | I15: 364 | J15: 0 | K15: 0 | L15: 0 | M15: 0 | N15: 0 | O15: Biaya Kuliah Kelas Reguler Widyatama Bandung 2026/2027 | P15: 54 | Q15: 0 | R15: 0 | S15: Butuh memahami total biaya sebelum daftar? | T15: 42 | U15: 0 | V15: 0 | W15: index, follow, max-image-preview:large, max-snippet:-1, max-video-preview:-1 | X15: 0 | Y15: 0 | Z15: https://pmb.widyatama.ac.id/biaya-kuliah-kelas-reguler/ | AA15: 0 | AB15: 0 | AC15: 0 | AD15: 0 | AE15: 0 | AF15: 239794 | AG15: 50093 | AH15: 2345423 | AI15: 831464 | AJ15: E | AK15: 1937 | AL15: 622 | AM15: 3114 | AN15: 73040 | AO15: Fairly Easy | AP15: 4269 | AQ15: 1 | AR15: 1 | AS15: 0 | AT15: 362 | AU15: 77 | AV15: 77 | AW15: 88510 | AX15: 130 | AY15: 28 | AZ15: 0 | BA15: 16 | BB15: 8 | BC15: 3 | BD15: 0 | BE15: 0 | BF15: 0 | BG15: 0 | BH15: 4e1e99d197c7d1a3bbc5d241bff918be | BI15: 0.099 | BJ15: Saturday, 15-Aug-2026 09:56:28 GMT | BK15: 0 | BL15: 0 | BM15: 0 | BN15: en-US | BO15: None | BP15: 0 | BQ15: https://pmb.widyatama.ac.id/biaya-kuliah-kelas-reguler/ | BR15: 46249.706 | BZ15: https://pmb.widyatama.ac.id/biaya-kuliah-kelas-reguler/ | CA15: Indexable | CB15: 0 | CC15: Pricing | CD15: Main PMB Website | CE15: Yes | CI15: https://pmb.widyatama.ac.id/organisasi-kemahasiswaan/ | CK15: organisasi-kemahasiswaan | CO15: fasilitas | CP15: =COUNTIF(_xlfn.ANCHORARRAY($CK$2),CO15) -> 1 | CQ15: {=_xlfn.LET( _xlpm.s,LOWER(CO15), _xlfn.SWITCH( TRUE, OR(_xlpm.s="petunjuk-pendaftaran",_xlpm.s="cek-jalur-pendaftaran"),"Admission", OR(_xlpm.s="jenjang-pendidikan",_xlpm.s="output-lulusan"),"Information", OR(_xlpm.s="privacy-policy",_xlpm.s="cookie-policy"),"Policy", _xlpm.s="mahasiswa-internasional","International", OR( _xlpm.s="aktivitas-civitas", _xlpm.s="fasilitas", _xlpm.s="apresiasi-prestasi-mahasiswa", _xlpm.s="asuransi-mahasiswa", _xlpm.s="organisasi-kemahasiswaan" ),"Campus Life", OR( _xlpm.s="register", _xlpm.s="auth", _xlpm.s="homepage/system root" ),"Registration System", _xlpm.s="blog","Content", OR( ISNUMBER(SEARCH("democracy-in-indonesia",_xlpm.s)), ISNUMBER(SEARCH("hidden-dangers-of-sugar",_xlpm.s)), ISNUMBER(SEARCH("rapid-advancement-of-digital-technology",_xlpm.s)), _xlpm.s="2025" ),"Content Review", "Other Review" ) )} -> Campus Life | CV15: Pricing | DG15: Pricing | DV15: Core PMB Website | DW15: Yes | EA15: P1 - Critical
A16: https://online.pmb.widyatama.ac.id/ | B16: text/html; charset=utf-8 | C16: 200 | D16: 0 | E16: Indexable | F16: 0 | G16: PMB | Universitas Widyatama | H16: 27 | I16: 262 | J16: 0 | K16: 0 | L16: 0 | M16: 0 | N16: 0 | O16: Program PMB | P16: 11 | Q16: 0 | R16: 0 | S16: 0 | T16: 0 | U16: 0 | V16: 0 | W16: 0 | X16: 0 | Y16: 0 | Z16: 0 | AA16: 0 | AB16: 0 | AC16: 0 | AD16: 0 | AE16: 0 | AF16: 22201 | AG16: 5693 | AH16: 963140 | AI16: 341438 | AJ16: C | AK16: 195 | AL16: 53 | AM16: 3679 | AN16: 37805 | AO16: Hard | AP16: 6433 | AQ16: 1 | AR16: 0 | AS16: 0 | AT16: 605 | AU16: 87 | AV16: 78 | AW16: 100000 | AX16: 13 | AY16: 11 | AZ16: 0 | BA16: 2 | BB16: 2 | BC16: 0 | BD16: 0 | BE16: 0 | BF16: 0 | BG16: 0 | BH16: daa80905eee0e777d0b807d8b4aafa1c | BI16: 0.251 | BJ16: 0 | BK16: 0 | BL16: 0 | BM16: 0 | BN16: en | BO16: 2.0 | BP16: 0 | BQ16: https://online.pmb.widyatama.ac.id/ | BR16: 46249.706 | BZ16: https://online.pmb.widyatama.ac.id/ | CA16: Indexable | CB16: 0 | CC16: Other | CD16: Online Registration System | CE16: Yes | CI16: https://online.pmb.widyatama.ac.id/register/fst | CK16: register | CO16: hasil | CP16: =COUNTIF(_xlfn.ANCHORARRAY($CK$2),CO16) -> 1 | CQ16: {=_xlfn.LET( _xlpm.s,LOWER(CO16), _xlfn.SWITCH( TRUE, OR(_xlpm.s="petunjuk-pendaftaran",_xlpm.s="cek-jalur-pendaftaran"),"Admission", OR(_xlpm.s="jenjang-pendidikan",_xlpm.s="output-lulusan"),"Information", OR(_xlpm.s="privacy-policy",_xlpm.s="cookie-policy"),"Policy", _xlpm.s="mahasiswa-internasional","International", OR( _xlpm.s="aktivitas-civitas", _xlpm.s="fasilitas", _xlpm.s="apresiasi-prestasi-mahasiswa", _xlpm.s="asuransi-mahasiswa", _xlpm.s="organisasi-kemahasiswaan" ),"Campus Life", OR( _xlpm.s="register", _xlpm.s="auth", _xlpm.s="homepage/system root" ),"Registration System", _xlpm.s="blog","Content", OR( ISNUMBER(SEARCH("democracy-in-indonesia",_xlpm.s)), ISNUMBER(SEARCH("hidden-dangers-of-sugar",_xlpm.s)), ISNUMBER(SEARCH("rapid-advancement-of-digital-technology",_xlpm.s)), _xlpm.s="2025" ),"Content Review", "Other Review" ) )} -> Other Review | CV16: Registration System | DG16: Registration System | DV16: Registration System | DW16: Yes | EA16: P1 - Critical
A17: https://pmb.widyatama.ac.id/aktivitas-civitas/ | B17: text/html; charset=UTF-8 | C17: 200 | D17: 0 | E17: Indexable | F17: 0 | G17: Aktivitas Civitas - PMB UTama | H17: 29 | I17: 270 | J17: 0 | K17: 0 | L17: 0 | M17: 0 | N17: 0 | O17: The Rapid Advancement of Digital Technology | P17: 43 | Q17: Democracy in Indonesia: Why It Feels Weak at the Grassroots | R17: 59 | S17: Berbagai Aktivitas Sivitas di Universitas Widyatama | T17: 51 | U17: Fasilitas | V17: 9 | W17: index, follow, max-image-preview:large, max-snippet:-1, max-video-preview:-1 | X17: 0 | Y17: 0 | Z17: https://pmb.widyatama.ac.id/aktivitas-civitas/ | AA17: 0 | AB17: 0 | AC17: 0 | AD17: 0 | AE17: 0 | AF17: 152369 | AG17: 32837 | AH17: 3320960 | AI17: 1177297 | AJ17: F | AK17: 162 | AL17: 44 | AM17: 3682 | AN17: 31287 | AO17: Hard | AP17: 1351 | AQ17: 1 | AR17: 1 | AS17: 0 | AT17: 320 | AU17: 77 | AV17: 76 | AW17: 88510 | AX17: 122 | AY17: 35 | AZ17: 0 | BA17: 8 | BB17: 7 | BC17: 2 | BD17: 0 | BE17: 0 | BF17: 0 | BG17: 0 | BH17: edfffc6c3beae9324d073c7621802369 | BI17: 0.101 | BJ17: Saturday, 15-Aug-2026 09:56:34 GMT | BK17: 0 | BL17: 0 | BM17: 0 | BN17: en-US | BO17: None | BP17: 0 | BQ17: https://pmb.widyatama.ac.id/aktivitas-civitas/ | BR17: 46249.706 | BZ17: https://pmb.widyatama.ac.id/aktivitas-civitas/ | CA17: Indexable | CB17: 0 | CC17: Other | CD17: Main PMB Website | CE17: Yes | CI17: https://online.pmb.widyatama.ac.id/register/kk | CK17: register | CO17: Homepage/System Root | CP17: =COUNTIF(_xlfn.ANCHORARRAY($CK$2),CO17) -> 1 | CQ17: {=_xlfn.LET( _xlpm.s,LOWER(CO17), _xlfn.SWITCH( TRUE, OR(_xlpm.s="petunjuk-pendaftaran",_xlpm.s="cek-jalur-pendaftaran"),"Admission", OR(_xlpm.s="jenjang-pendidikan",_xlpm.s="output-lulusan"),"Information", OR(_xlpm.s="privacy-policy",_xlpm.s="cookie-policy"),"Policy", _xlpm.s="mahasiswa-internasional","International", OR( _xlpm.s="aktivitas-civitas", _xlpm.s="fasilitas", _xlpm.s="apresiasi-prestasi-mahasiswa", _xlpm.s="asuransi-mahasiswa", _xlpm.s="organisasi-kemahasiswaan" ),"Campus Life", OR( _xlpm.s="register", _xlpm.s="auth", _xlpm.s="homepage/system root" ),"Registration System", _xlpm.s="blog","Content", OR( ISNUMBER(SEARCH("democracy-in-indonesia",_xlpm.s)), ISNUMBER(SEARCH("hidden-dangers-of-sugar",_xlpm.s)), ISNUMBER(SEARCH("rapid-advancement-of-digital-technology",_xlpm.s)), _xlpm.s="2025" ),"Content Review", "Other Review" ) )} -> Registration System | CV17: Campus Life | DG17: Campus Life | DV17: Core PMB Website | DW17: Yes | EA17: P2 - High
A18: https://pmb.widyatama.ac.id/program-pascasarjana/ | B18: text/html; charset=UTF-8 | C18: 200 | D18: 0 | E18: Indexable | F18: 0 | G18: Program Pascasarjana - PMB UTama | H18: 32 | I18: 332 | J18: 0 | K18: 0 | L18: 0 | M18: 0 | N18: 0 | O18: Program Pascasarjana Widyatama Bandung untuk Pengembangan Karier, Riset, dan Kepakaran | P18: 86 | Q18: 0 | R18: 0 | S18: Masih membandingkan S2, S3, atau program profesi? | T18: 49 | U18: Mulai Langkah Studi Pascasarjana di Widyatama | V18: 45 | W18: index, follow, max-image-preview:large, max-snippet:-1, max-video-preview:-1 | X18: 0 | Y18: 0 | Z18: https://pmb.widyatama.ac.id/program-pascasarjana/ | AA18: 0 | AB18: 0 | AC18: 0 | AD18: 0 | AE18: 0 | AF18: 197423 | AG18: 41954 | AH18: 2177616 | AI18: 771976 | AJ18: E | AK18: 1045 | AL18: 179 | AM18: 5838 | AN18: 0.000 | AO18: Very Hard | AP18: 3595 | AQ18: 1 | AR18: 1 | AS18: 0 | AT18: 325 | AU18: 77 | AV18: 76 | AW18: 88510 | AX18: 134 | AY18: 30 | AZ18: 2 | BA18: 23 | BB18: 12 | BC18: 3 | BD18: 0 | BE18: 0 | BF18: 0 | BG18: 0 | BH18: 2f64f1d152046fa82dfa3568f4e801d5 | BI18: 0.111 | BJ18: Saturday, 15-Aug-2026 09:56:37 GMT | BK18: 0 | BL18: 0 | BM18: 0 | BN18: en-US | BO18: None | BP18: 0 | BQ18: https://pmb.widyatama.ac.id/program-pascasarjana/ | BR18: 46249.706 | BZ18: https://pmb.widyatama.ac.id/program-pascasarjana/ | CA18: Indexable | CB18: 0 | CC18: Program | CD18: Main PMB Website | CE18: Yes | CI18: https://online.pmb.widyatama.ac.id/register/s3 | CK18: register | CO18: jenjang-pendidikan | CP18: =COUNTIF(_xlfn.ANCHORARRAY($CK$2),CO18) -> 1 | CQ18: {=_xlfn.LET( _xlpm.s,LOWER(CO18), _xlfn.SWITCH( TRUE, OR(_xlpm.s="petunjuk-pendaftaran",_xlpm.s="cek-jalur-pendaftaran"),"Admission", OR(_xlpm.s="jenjang-pendidikan",_xlpm.s="output-lulusan"),"Information", OR(_xlpm.s="privacy-policy",_xlpm.s="cookie-policy"),"Policy", _xlpm.s="mahasiswa-internasional","International", OR( _xlpm.s="aktivitas-civitas", _xlpm.s="fasilitas", _xlpm.s="apresiasi-prestasi-mahasiswa", _xlpm.s="asuransi-mahasiswa", _xlpm.s="organisasi-kemahasiswaan" ),"Campus Life", OR( _xlpm.s="register", _xlpm.s="auth", _xlpm.s="homepage/system root" ),"Registration System", _xlpm.s="blog","Content", OR( ISNUMBER(SEARCH("democracy-in-indonesia",_xlpm.s)), ISNUMBER(SEARCH("hidden-dangers-of-sugar",_xlpm.s)), ISNUMBER(SEARCH("rapid-advancement-of-digital-technology",_xlpm.s)), _xlpm.s="2025" ),"Content Review", "Other Review" ) )} -> Information | CV18: Program | DG18: Program | DV18: Core PMB Website | DW18: Yes | EA18: P1 - Critical
A19: https://pmb.widyatama.ac.id/cek-jalur-pendaftaran/ | B19: text/html; charset=UTF-8 | C19: 200 | D19: 0 | E19: Indexable | F19: 0 | G19: Cek Jalur Pendaftaran - PMB UTama | H19: 33 | I19: 326 | J19: 0 | K19: 0 | L19: 0 | M19: 0 | N19: 0 | O19: Kalkulator Jalur & Beasiswa PMB Universitas Widyatama | P19: 53 | Q19: 0 | R19: 0 | S19: Gunakan hasil simulasi untuk menentukan langkah pendaftaran berikutnya. | T19: 71 | U19: Gunakan Data yang Sudah Dimiliki Calon Mahasiswa | V19: 48 | W19: index, follow, max-image-preview:large, max-snippet:-1, max-video-preview:-1 | X19: 0 | Y19: 0 | Z19: https://pmb.widyatama.ac.id/cek-jalur-pendaftaran/ | AA19: 0 | AB19: 0 | AC19: 0 | AD19: 0 | AE19: 0 | AF19: 188679 | AG19: 42962 | AH19: 1135376 | AI19: 402496 | AJ19: C | AK19: 596 | AL19: 154 | AM19: 3870 | AN19: 3046 | AO19: Very Hard | AP19: 2370 | AQ19: 1 | AR19: 1 | AS19: 0 | AT19: 159 | AU19: 77 | AV19: 77 | AW19: 88510 | AX19: 113 | AY19: 28 | AZ19: 0 | BA19: 9 | BB19: 8 | BC19: 2 | BD19: 0 | BE19: 0 | BF19: 0 | BG19: 0 | BH19: 5190830b49f82338c8a28484ea38b206 | BI19: 2479 | BJ19: Saturday, 15-Aug-2026 09:56:46 GMT | BK19: 0 | BL19: 0 | BM19: 0 | BN19: en-US | BO19: 2.0 | BP19: 0 | BQ19: https://pmb.widyatama.ac.id/cek-jalur-pendaftaran/ | BR19: 46249.706 | BZ19: https://pmb.widyatama.ac.id/cek-jalur-pendaftaran/ | CA19: Indexable | CB19: 0 | CC19: Other | CD19: Main PMB Website | CE19: Yes | CI19: https://pmb.widyatama.ac.id/aktivitas-civitas/3/ | CK19: aktivitas-civitas | CO19: mahasiswa-internasional | CP19: =COUNTIF(_xlfn.ANCHORARRAY($CK$2),CO19) -> 1 | CQ19: {=_xlfn.LET( _xlpm.s,LOWER(CO19), _xlfn.SWITCH( TRUE, OR(_xlpm.s="petunjuk-pendaftaran",_xlpm.s="cek-jalur-pendaftaran"),"Admission", OR(_xlpm.s="jenjang-pendidikan",_xlpm.s="output-lulusan"),"Information", OR(_xlpm.s="privacy-policy",_xlpm.s="cookie-policy"),"Policy", _xlpm.s="mahasiswa-internasional","International", OR( _xlpm.s="aktivitas-civitas", _xlpm.s="fasilitas", _xlpm.s="apresiasi-prestasi-mahasiswa", _xlpm.s="asuransi-mahasiswa", _xlpm.s="organisasi-kemahasiswaan" ),"Campus Life", OR( _xlpm.s="register", _xlpm.s="auth", _xlpm.s="homepage/system root" ),"Registration System", _xlpm.s="blog","Content", OR( ISNUMBER(SEARCH("democracy-in-indonesia",_xlpm.s)), ISNUMBER(SEARCH("hidden-dangers-of-sugar",_xlpm.s)), ISNUMBER(SEARCH("rapid-advancement-of-digital-technology",_xlpm.s)), _xlpm.s="2025" ),"Content Review", "Other Review" ) )} -> International | CV19: Admission | DG19: Admission | DV19: Core PMB Website | DW19: Yes | EA19: P1 - Critical
A20: https://pmb.widyatama.ac.id/program-reguler/ | B20: text/html; charset=UTF-8 | C20: 200 | D20: 0 | E20: Indexable | F20: 0 | G20: Program Reguler - PMB UTama | H20: 27 | I20: 276 | J20: 0 | K20: 0 | L20: 0 | M20: 0 | N20: 0 | O20: Program Reguler Widyatama Bandung: Kuliah D3, D4, dan S1 untuk Lulusan SMA/SMK/MA | P20: 81 | Q20: 0 | R20: 0 | S20: Masih bingung memilih prodi, jalur, atau estimasi biaya? | T20: 56 | U20: Mulai Rencanakan Kuliah Reguler di Widyatama | V20: 44 | W20: index, follow, max-image-preview:large, max-snippet:-1, max-video-preview:-1 | X20: 0 | Y20: 0 | Z20: https://pmb.widyatama.ac.id/program-reguler/ | AA20: 0 | AB20: 0 | AC20: 0 | AD20: 0 | AE20: 0 | AF20: 213922 | AG20: 44908 | AH20: 2867016 | AI20: 1016372 | AJ20: F | AK20: 1433 | AL20: 254 | AM20: 5642 | AN20: 3453 | AO20: Very Hard | AP20: 4231 | AQ20: 1 | AR20: 1 | AS20: 0 | AT20: 320 | AU20: 77 | AV20: 76 | AW20: 88510 | AX20: 178 | AY20: 50 | AZ20: 0 | BA20: 19 | BB20: 8 | BC20: 3 | BD20: 0 | BE20: 0 | BF20: 0 | BG20: 0 | BH20: ee53e78bd236478123b92c94ffa2f6c9 | BI20: 0.119 | BJ20: Saturday, 15-Aug-2026 09:56:40 GMT | BK20: 0 | BL20: 0 | BM20: 0 | BN20: en-US | BO20: None | BP20: 0 | BQ20: https://pmb.widyatama.ac.id/program-reguler/ | BR20: 46249.706 | BZ20: https://pmb.widyatama.ac.id/program-reguler/ | CA20: Indexable | CB20: 0 | CC20: Program | CD20: Main PMB Website | CE20: Yes | CI20: https://pmb.widyatama.ac.id/aktivitas-civitas/2/ | CK20: aktivitas-civitas | CO20: organisasi-kemahasiswaan | CP20: =COUNTIF(_xlfn.ANCHORARRAY($CK$2),CO20) -> 1 | CQ20: {=_xlfn.LET( _xlpm.s,LOWER(CO20), _xlfn.SWITCH( TRUE, OR(_xlpm.s="petunjuk-pendaftaran",_xlpm.s="cek-jalur-pendaftaran"),"Admission", OR(_xlpm.s="jenjang-pendidikan",_xlpm.s="output-lulusan"),"Information", OR(_xlpm.s="privacy-policy",_xlpm.s="cookie-policy"),"Policy", _xlpm.s="mahasiswa-internasional","International", OR( _xlpm.s="aktivitas-civitas", _xlpm.s="fasilitas", _xlpm.s="apresiasi-prestasi-mahasiswa", _xlpm.s="asuransi-mahasiswa", _xlpm.s="organisasi-kemahasiswaan" ),"Campus Life", OR( _xlpm.s="register", _xlpm.s="auth", _xlpm.s="homepage/system root" ),"Registration System", _xlpm.s="blog","Content", OR( ISNUMBER(SEARCH("democracy-in-indonesia",_xlpm.s)), ISNUMBER(SEARCH("hidden-dangers-of-sugar",_xlpm.s)), ISNUMBER(SEARCH("rapid-advancement-of-digital-technology",_xlpm.s)), _xlpm.s="2025" ),"Content Review", "Other Review" ) )} -> Campus Life | CV20: Program | DG20: Program | DV20: Core PMB Website | DW20: Yes | EA20: P1 - Critical
A21: https://pmb.widyatama.ac.id/program-kelas-karyawan/ | B21: text/html; charset=UTF-8 | C21: 200 | D21: 0 | E21: Indexable | F21: 0 | G21: Program Kelas Karyawan - PMB UTama | H21: 34 | I21: 353 | J21: 0 | K21: 0 | L21: 0 | M21: 0 | N21: 0 | O21: Program Kelas Karyawan Widyatama Bandung untuk Kuliah Sambil Kerja | P21: 66 | Q21: 0 | R21: 0 | S21: Masih ragu jadwal kuliah cocok dengan pekerjaan Anda? | T21: 53 | U21: Mulai Langkah Naik Level Karier dengan Kelas Karyawan Widyatama | V21: 63 | W21: index, follow, max-image-preview:large, max-snippet:-1, max-video-preview:-1 | X21: 0 | Y21: 0 | Z21: https://pmb.widyatama.ac.id/program-kelas-karyawan/ | AA21: 0 | AB21: 0 | AC21: 0 | AD21: 0 | AE21: 0 | AF21: 204815 | AG21: 42450 | AH21: 2487114 | AI21: 881694 | AJ21: F | AK21: 1636 | AL21: 300 | AM21: 5453 | AN21: 1125 | AO21: Very Hard | AP21: 4859 | AQ21: 1 | AR21: 1 | AS21: 0 | AT21: 318 | AU21: 77 | AV21: 76 | AW21: 88510 | AX21: 173 | AY21: 46 | AZ21: 0 | BA21: 23 | BB21: 9 | BC21: 4 | BD21: 0 | BE21: 0 | BF21: 0 | BG21: 0 | BH21: 16880b60e16c1d453dda67e1bcbdce3f | BI21: 1907 | BJ21: Saturday, 15-Aug-2026 09:56:49 GMT | BK21: 0 | BL21: 0 | BM21: 0 | BN21: en-US | BO21: 2.0 | BP21: 0 | BQ21: https://pmb.widyatama.ac.id/program-kelas-karyawan/ | BR21: 46249.706 | BZ21: https://pmb.widyatama.ac.id/program-kelas-karyawan/ | CA21: Indexable | CB21: 0 | CC21: Program | CD21: Main PMB Website | CE21: Yes | CI21: https://online.pmb.widyatama.ac.id/auth/login | CK21: auth | CO21: output-lulusan | CP21: =COUNTIF(_xlfn.ANCHORARRAY($CK$2),CO21) -> 1 | CQ21: {=_xlfn.LET( _xlpm.s,LOWER(CO21), _xlfn.SWITCH( TRUE, OR(_xlpm.s="petunjuk-pendaftaran",_xlpm.s="cek-jalur-pendaftaran"),"Admission", OR(_xlpm.s="jenjang-pendidikan",_xlpm.s="output-lulusan"),"Information", OR(_xlpm.s="privacy-policy",_xlpm.s="cookie-policy"),"Policy", _xlpm.s="mahasiswa-internasional","International", OR( _xlpm.s="aktivitas-civitas", _xlpm.s="fasilitas", _xlpm.s="apresiasi-prestasi-mahasiswa", _xlpm.s="asuransi-mahasiswa", _xlpm.s="organisasi-kemahasiswaan" ),"Campus Life", OR( _xlpm.s="register", _xlpm.s="auth", _xlpm.s="homepage/system root" ),"Registration System", _xlpm.s="blog","Content", OR( ISNUMBER(SEARCH("democracy-in-indonesia",_xlpm.s)), ISNUMBER(SEARCH("hidden-dangers-of-sugar",_xlpm.s)), ISNUMBER(SEARCH("rapid-advancement-of-digital-technology",_xlpm.s)), _xlpm.s="2025" ),"Content Review", "Other Review" ) )} -> Information | CV21: Program | DG21: Program | DV21: Core PMB Website | DW21: Yes | EA21: P1 - Critical
A22: https://pmb.widyatama.ac.id/fasilitas/ | B22: text/html; charset=UTF-8 | C22: 200 | D22: 0 | E22: Indexable | F22: 0 | G22: Fasilitas - PMB UTama | H22: 21 | I22: 203 | J22: 0 | K22: 0 | L22: 0 | M22: 0 | N22: 0 | O22: Fasilitas Universitas Widyatama | P22: 31 | Q22: 0 | R22: 0 | S22: Lingkungan kampus dirancang untuk mendukung belajar, berkolaborasi, dan berkembang. | T22: 83 | U22: Jelajahi Fasilitas Berdasarkan Kebutuhan | V22: 40 | W22: index, follow, max-image-preview:large, max-snippet:-1, max-video-preview:-1 | X22: 0 | Y22: 0 | Z22: https://pmb.widyatama.ac.id/fasilitas/ | AA22: 0 | AB22: 0 | AC22: 0 | AD22: 0 | AE22: 0 | AF22: 175811 | AG22: 37161 | AH22: 25538029 | AI22: 9053359 | AJ22: F | AK22: 759 | AL22: 190 | AM22: 3995 | AN22: 0.000 | AO22: Very Hard | AP22: 3290 | AQ22: 1 | AR22: 1 | AS22: 0 | AT22: 326 | AU22: 77 | AV22: 81 | AW22: 88510 | AX22: 132 | AY22: 28 | AZ22: 0 | BA22: 8 | BB22: 7 | BC22: 2 | BD22: 0 | BE22: 0 | BF22: 0 | BG22: 0 | BH22: 31247a5ea2b419d3d9f136a97c7c14b8 | BI22: 0.954 | BJ22: Saturday, 15-Aug-2026 09:56:51 GMT | BK22: 0 | BL22: 0 | BM22: 0 | BN22: en-US | BO22: 2.0 | BP22: 0 | BQ22: https://pmb.widyatama.ac.id/fasilitas/ | BR22: 46249.706 | BZ22: https://pmb.widyatama.ac.id/fasilitas/ | CA22: Indexable | CB22: 0 | CC22: Other | CD22: Main PMB Website | CE22: Yes | CI22: https://pmb.widyatama.ac.id/democracy-in-indonesia-why-it-feels-weak-at-the-grassroots/ | CK22: democracy-in-indonesia-why-it-feels-weak-at-the-grassroots | CO22: petunjuk-pendaftaran | CP22: =COUNTIF(_xlfn.ANCHORARRAY($CK$2),CO22) -> 1 | CQ22: {=_xlfn.LET( _xlpm.s,LOWER(CO22), _xlfn.SWITCH( TRUE, OR(_xlpm.s="petunjuk-pendaftaran",_xlpm.s="cek-jalur-pendaftaran"),"Admission", OR(_xlpm.s="jenjang-pendidikan",_xlpm.s="output-lulusan"),"Information", OR(_xlpm.s="privacy-policy",_xlpm.s="cookie-policy"),"Policy", _xlpm.s="mahasiswa-internasional","International", OR( _xlpm.s="aktivitas-civitas", _xlpm.s="fasilitas", _xlpm.s="apresiasi-prestasi-mahasiswa", _xlpm.s="asuransi-mahasiswa", _xlpm.s="organisasi-kemahasiswaan" ),"Campus Life", OR( _xlpm.s="register", _xlpm.s="auth", _xlpm.s="homepage/system root" ),"Registration System", _xlpm.s="blog","Content", OR( ISNUMBER(SEARCH("democracy-in-indonesia",_xlpm.s)), ISNUMBER(SEARCH("hidden-dangers-of-sugar",_xlpm.s)), ISNUMBER(SEARCH("rapid-advancement-of-digital-technology",_xlpm.s)), _xlpm.s="2025" ),"Content Review", "Other Review" ) )} -> Admission | CV22: Campus Life | DG22: Campus Life | DV22: Core PMB Website | DW22: Yes | EA22: P2 - High
A23: https://pmb.widyatama.ac.id/jalur-seleksi/ | B23: text/html; charset=UTF-8 | C23: 200 | D23: 0 | E23: Indexable | F23: 0 | G23: Jalur Seleksi - PMB UTama | H23: 25 | I23: 241 | J23: 0 | K23: 0 | L23: 0 | M23: 0 | N23: 0 | O23: Jalur Seleksi Universitas Widyatama | P23: 35 | Q23: 0 | R23: 0 | S23: Pilih jenjang dulu, lalu bandingkan jalur yang tersedia. | T23: 56 | U23: Jalur Mana yang Ingin Anda Lihat? | V23: 33 | W23: index, follow, max-image-preview:large, max-snippet:-1, max-video-preview:-1 | X23: 0 | Y23: 0 | Z23: https://pmb.widyatama.ac.id/jalur-seleksi/ | AA23: 0 | AB23: 0 | AC23: 0 | AD23: 0 | AE23: 0 | AF23: 165035 | AG23: 36227 | AH23: 3098115 | AI23: 1098297 | AJ23: F | AK23: 504 | AL23: 114 | AM23: 4421 | AN23: 11494 | AO23: Very Hard | AP23: 2302 | AQ23: 1 | AR23: 1 | AS23: 0 | AT23: 395 | AU23: 77 | AV23: 81 | AW23: 88510 | AX23: 136 | AY23: 39 | AZ23: 0 | BA23: 15 | BB23: 8 | BC23: 3 | BD23: 0 | BE23: 0 | BF23: 0 | BG23: 0 | BH23: 7883d95a0ab8b109078fff5ef7bd12d7 | BI23: 0.077 | BJ23: Saturday, 15-Aug-2026 09:56:42 GMT | BK23: 0 | BL23: 0 | BM23: 0 | BN23: en-US | BO23: None | BP23: 0 | BQ23: https://pmb.widyatama.ac.id/jalur-seleksi/ | BR23: 46249.706 | BZ23: https://pmb.widyatama.ac.id/jalur-seleksi/ | CA23: Indexable | CB23: 0 | CC23: Admission | CD23: Main PMB Website | CE23: Yes | CI23: https://pmb.widyatama.ac.id/2025/09/19/ | CK23: 2025 | CO23: privacy-policy | CP23: =COUNTIF(_xlfn.ANCHORARRAY($CK$2),CO23) -> 1 | CQ23: {=_xlfn.LET( _xlpm.s,LOWER(CO23), _xlfn.SWITCH( TRUE, OR(_xlpm.s="petunjuk-pendaftaran",_xlpm.s="cek-jalur-pendaftaran"),"Admission", OR(_xlpm.s="jenjang-pendidikan",_xlpm.s="output-lulusan"),"Information", OR(_xlpm.s="privacy-policy",_xlpm.s="cookie-policy"),"Policy", _xlpm.s="mahasiswa-internasional","International", OR( _xlpm.s="aktivitas-civitas", _xlpm.s="fasilitas", _xlpm.s="apresiasi-prestasi-mahasiswa", _xlpm.s="asuransi-mahasiswa", _xlpm.s="organisasi-kemahasiswaan" ),"Campus Life", OR( _xlpm.s="register", _xlpm.s="auth", _xlpm.s="homepage/system root" ),"Registration System", _xlpm.s="blog","Content", OR( ISNUMBER(SEARCH("democracy-in-indonesia",_xlpm.s)), ISNUMBER(SEARCH("hidden-dangers-of-sugar",_xlpm.s)), ISNUMBER(SEARCH("rapid-advancement-of-digital-technology",_xlpm.s)), _xlpm.s="2025" ),"Content Review", "Other Review" ) )} -> Policy | CV23: Admission | DG23: Admission | DV23: Core PMB Website | DW23: Yes | EA23: P1 - Critical
A24: https://pmb.widyatama.ac.id/biaya-kuliah-rpl/ | B24: text/html; charset=UTF-8 | C24: 200 | D24: 0 | E24: Indexable | F24: 0 | G24: Biaya Kuliah RPL - PMB UTama | H24: 28 | I24: 278 | J24: 0 | K24: 0 | L24: 0 | M24: 0 | N24: 0 | O24: Biaya Kuliah RPL Widyatama Bandung 2026/2027 | P24: 44 | Q24: 0 | R24: 0 | S24: RPL membuat biaya lebih relevan dengan SKS yang masih perlu ditempuh | T24: 68 | U24: Simulasi Biaya Program RPL | V24: 26 | W24: index, follow, max-image-preview:large, max-snippet:-1, max-video-preview:-1 | X24: 0 | Y24: 0 | Z24: https://pmb.widyatama.ac.id/biaya-kuliah-rpl/ | AA24: 0 | AB24: 0 | AC24: 0 | AD24: 0 | AE24: 0 | AF24: 248326 | AG24: 54580 | AH24: 2441722 | AI24: 865603 | AJ24: F | AK24: 1450 | AL24: 249 | AM24: 5823 | AN24: 41118 | AO24: Hard | AP24: 3832 | AQ24: 1 | AR24: 1 | AS24: 0 | AT24: 335 | AU24: 77 | AV24: 76 | AW24: 88510 | AX24: 130 | AY24: 30 | AZ24: 1 | BA24: 16 | BB24: 8 | BC24: 3 | BD24: 0 | BE24: 0 | BF24: 0 | BG24: 0 | BH24: 31f1b50eafcdb354522e04346ff010a2 | BI24: 0.105 | BJ24: Saturday, 15-Aug-2026 09:57:10 GMT | BK24: 0 | BL24: 0 | BM24: 0 | BN24: en-US | BO24: None | BP24: 0 | BQ24: https://pmb.widyatama.ac.id/biaya-kuliah-rpl/ | BR24: 46249.706 | BZ24: https://pmb.widyatama.ac.id/biaya-kuliah-rpl/ | CA24: Indexable | CB24: 0 | CC24: Pricing | CD24: Main PMB Website | CE24: Yes | CI24: https://pmb.widyatama.ac.id/democracy-in-indonesia-why-it-feels-weak-at-the-grassroots-4/ | CK24: democracy-in-indonesia-why-it-feels-weak-at-the-grassroots-4 | CO24: register | CP24: =COUNTIF(_xlfn.ANCHORARRAY($CK$2),CO24) -> 6 | CQ24: {=_xlfn.LET( _xlpm.s,LOWER(CO24), _xlfn.SWITCH( TRUE, OR(_xlpm.s="petunjuk-pendaftaran",_xlpm.s="cek-jalur-pendaftaran"),"Admission", OR(_xlpm.s="jenjang-pendidikan",_xlpm.s="output-lulusan"),"Information", OR(_xlpm.s="privacy-policy",_xlpm.s="cookie-policy"),"Policy", _xlpm.s="mahasiswa-internasional","International", OR( _xlpm.s="aktivitas-civitas", _xlpm.s="fasilitas", _xlpm.s="apresiasi-prestasi-mahasiswa", _xlpm.s="asuransi-mahasiswa", _xlpm.s="organisasi-kemahasiswaan" ),"Campus Life", OR( _xlpm.s="register", _xlpm.s="auth", _xlpm.s="homepage/system root" ),"Registration System", _xlpm.s="blog","Content", OR( ISNUMBER(SEARCH("democracy-in-indonesia",_xlpm.s)), ISNUMBER(SEARCH("hidden-dangers-of-sugar",_xlpm.s)), ISNUMBER(SEARCH("rapid-advancement-of-digital-technology",_xlpm.s)), _xlpm.s="2025" ),"Content Review", "Other Review" ) )} -> Registration System | CV24: Pricing | DG24: Pricing | DV24: Core PMB Website | DW24: Yes | EA24: P1 - Critical
A25: https://pmb.widyatama.ac.id/apresiasi-prestasi-mahasiswa/ | B25: text/html; charset=UTF-8 | C25: 200 | D25: 0 | E25: Indexable | F25: 0 | G25: Apresiasi Prestasi Mahasiswa - PMB UTama | H25: 40 | I25: 396 | J25: 0 | K25: 0 | L25: 0 | M25: 0 | N25: 0 | O25: Apresiasi Prestasi Mahasiswa Universitas Widyatama | P25: 50 | Q25: 0 | R25: 0 | S25: Apresiasi ini berlaku setelah mahasiswa resmi menjadi mahasiswa aktif. | T25: 70 | U25: Prestasi Mahasiswa Aktif Mendapat Ruang Apresiasi | V25: 49 | W25: index, follow, max-image-preview:large, max-snippet:-1, max-video-preview:-1 | X25: 0 | Y25: 0 | Z25: https://pmb.widyatama.ac.id/apresiasi-prestasi-mahasiswa/ | AA25: 0 | AB25: 0 | AC25: 0 | AD25: 0 | AE25: 0 | AF25: 151958 | AG25: 34330 | AH25: 1726023 | AI25: 611884 | AJ25: D | AK25: 394 | AL25: 101 | AM25: 3901 | AN25: 0.000 | AO25: Very Hard | AP25: 2259 | AQ25: 1 | AR25: 1 | AS25: 0 | AT25: 316 | AU25: 77 | AV25: 76 | AW25: 88510 | AX25: 127 | AY25: 29 | AZ25: 0 | BA25: 8 | BB25: 7 | BC25: 2 | BD25: 0 | BE25: 0 | BF25: 0 | BG25: 0 | BH25: 51b9b0d68db4c797a121cfb6826fb407 | BI25: 1073 | BJ25: Saturday, 15-Aug-2026 09:57:44 GMT | BK25: 0 | BL25: 0 | BM25: 0 | BN25: en-US | BO25: 2.0 | BP25: 0 | BQ25: https://pmb.widyatama.ac.id/apresiasi-prestasi-mahasiswa/ | BR25: 46249.707 | BZ25: https://pmb.widyatama.ac.id/apresiasi-prestasi-mahasiswa/ | CA25: Indexable | CB25: 0 | CC25: Other | CD25: Main PMB Website | CE25: Yes | CI25: https://pmb.widyatama.ac.id/the-hidden-dangers-of-sugar-3/ | CK25: the-hidden-dangers-of-sugar-3 | CO25: the-hidden-dangers-of-sugar | CP25: =COUNTIF(_xlfn.ANCHORARRAY($CK$2),CO25) -> 1 | CQ25: {=_xlfn.LET( _xlpm.s,LOWER(CO25), _xlfn.SWITCH( TRUE, OR(_xlpm.s="petunjuk-pendaftaran",_xlpm.s="cek-jalur-pendaftaran"),"Admission", OR(_xlpm.s="jenjang-pendidikan",_xlpm.s="output-lulusan"),"Information", OR(_xlpm.s="privacy-policy",_xlpm.s="cookie-policy"),"Policy", _xlpm.s="mahasiswa-internasional","International", OR( _xlpm.s="aktivitas-civitas", _xlpm.s="fasilitas", _xlpm.s="apresiasi-prestasi-mahasiswa", _xlpm.s="asuransi-mahasiswa", _xlpm.s="organisasi-kemahasiswaan" ),"Campus Life", OR( _xlpm.s="register", _xlpm.s="auth", _xlpm.s="homepage/system root" ),"Registration System", _xlpm.s="blog","Content", OR( ISNUMBER(SEARCH("democracy-in-indonesia",_xlpm.s)), ISNUMBER(SEARCH("hidden-dangers-of-sugar",_xlpm.s)), ISNUMBER(SEARCH("rapid-advancement-of-digital-technology",_xlpm.s)), _xlpm.s="2025" ),"Content Review", "Other Review" ) )} -> Content Review | CV25: Campus Life | DG25: Campus Life | DV25: Core PMB Website | DW25: Yes | EA25: P2 - High
A26: https://pmb.widyatama.ac.id/asuransi-mahasiswa/ | B26: text/html; charset=UTF-8 | C26: 200 | D26: 0 | E26: Indexable | F26: 0 | G26: Asuransi Mahasiswa - PMB UTama | H26: 30 | I26: 314 | J26: 0 | K26: 0 | L26: 0 | M26: 0 | N26: 0 | O26: Asuransi Mahasiswa Universitas Widyatama | P26: 40 | Q26: 0 | R26: 0 | S26: Asuransi dapat dimanfaatkan ketika terjadi hal yang tidak diinginkan selama masa studi. | T26: 87 | U26: Perlindungan untuk Mahasiswa Selama Masa Studi | V26: 46 | W26: index, follow, max-image-preview:large, max-snippet:-1, max-video-preview:-1 | X26: 0 | Y26: 0 | Z26: https://pmb.widyatama.ac.id/asuransi-mahasiswa/ | AA26: 0 | AB26: 0 | AC26: 0 | AD26: 0 | AE26: 0 | AF26: 152295 | AG26: 34118 | AH26: 2336330 | AI26: 828241 | AJ26: E | AK26: 401 | AL26: 103 | AM26: 3893 | AN26: 0.000 | AO26: Very Hard | AP26: 2239 | AQ26: 1 | AR26: 1 | AS26: 0 | AT26: 316 | AU26: 77 | AV26: 76 | AW26: 88510 | AX26: 127 | AY26: 28 | AZ26: 0 | BA26: 8 | BB26: 7 | BC26: 2 | BD26: 0 | BE26: 0 | BF26: 0 | BG26: 0 | BH26: 334fa0a13988bb75399b726be597ea7c | BI26: 0.554 | BJ26: Saturday, 15-Aug-2026 09:57:46 GMT | BK26: 0 | BL26: 0 | BM26: 0 | BN26: en-US | BO26: 2.0 | BP26: 0 | BQ26: https://pmb.widyatama.ac.id/asuransi-mahasiswa/ | BR26: 46249.707 | BZ26: https://pmb.widyatama.ac.id/asuransi-mahasiswa/ | CA26: Indexable | CB26: 0 | CC26: Other | CD26: Main PMB Website | CE26: Yes | CI26: https://pmb.widyatama.ac.id/democracy-in-indonesia-why-it-feels-weak-at-the-grassroots-2/ | CK26: democracy-in-indonesia-why-it-feels-weak-at-the-grassroots-2 | CO26: the-hidden-dangers-of-sugar-2 | CP26: =COUNTIF(_xlfn.ANCHORARRAY($CK$2),CO26) -> 1 | CQ26: {=_xlfn.LET( _xlpm.s,LOWER(CO26), _xlfn.SWITCH( TRUE, OR(_xlpm.s="petunjuk-pendaftaran",_xlpm.s="cek-jalur-pendaftaran"),"Admission", OR(_xlpm.s="jenjang-pendidikan",_xlpm.s="output-lulusan"),"Information", OR(_xlpm.s="privacy-policy",_xlpm.s="cookie-policy"),"Policy", _xlpm.s="mahasiswa-internasional","International", OR( _xlpm.s="aktivitas-civitas", _xlpm.s="fasilitas", _xlpm.s="apresiasi-prestasi-mahasiswa", _xlpm.s="asuransi-mahasiswa", _xlpm.s="organisasi-kemahasiswaan" ),"Campus Life", OR( _xlpm.s="register", _xlpm.s="auth", _xlpm.s="homepage/system root" ),"Registration System", _xlpm.s="blog","Content", OR( ISNUMBER(SEARCH("democracy-in-indonesia",_xlpm.s)), ISNUMBER(SEARCH("hidden-dangers-of-sugar",_xlpm.s)), ISNUMBER(SEARCH("rapid-advancement-of-digital-technology",_xlpm.s)), _xlpm.s="2025" ),"Content Review", "Other Review" ) )} -> Content Review | CV26: Campus Life | DG26: Campus Life | DV26: Core PMB Website | DW26: Yes | EA26: P2 - High
A27: https://pmb.widyatama.ac.id/organisasi-kemahasiswaan/ | B27: text/html; charset=UTF-8 | C27: 200 | D27: 0 | E27: Indexable | F27: 0 | G27: Organisasi Kemahasiswaan - PMB UTama | H27: 36 | I27: 377 | J27: 0 | K27: 0 | L27: 0 | M27: 0 | N27: 0 | O27: UKM Paduan Suara Mahasiswa Utama PSM | P27: 36 | Q27: UKM Winner Cabaret | R27: 18 | S27: Berbagai Organisasi Kemahasiswaan di Universitas Widyatama | T27: 58 | U27: Fasilitas | V27: 9 | W27: index, follow, max-image-preview:large, max-snippet:-1, max-video-preview:-1 | X27: 0 | Y27: 0 | Z27: https://pmb.widyatama.ac.id/organisasi-kemahasiswaan/ | AA27: 0 | AB27: 0 | AC27: 0 | AD27: 0 | AE27: 0 | AF27: 220600 | AG27: 35643 | AH27: 3481883 | AI27: 1234345 | AJ27: F | AK27: 187 | AL27: 79 | AM27: 2367 | AN27: 0.000 | AO27: Very Hard | AP27: 1164 | AQ27: 1 | AR27: 1 | AS27: 0 | AT27: 320 | AU27: 77 | AV27: 76 | AW27: 88510 | AX27: 112 | AY27: 28 | AZ27: 0 | BA27: 33 | BB27: 32 | BC27: 2 | BD27: 0 | BE27: 0 | BF27: 0 | BG27: 0 | BH27: bd54fa5c8ebf3c9246e268b55731aacb | BI27: 0.492 | BJ27: Saturday, 15-Aug-2026 09:57:49 GMT | BK27: 0 | BL27: 0 | BM27: 0 | BN27: en-US | BO27: None | BP27: 0 | BQ27: https://pmb.widyatama.ac.id/organisasi-kemahasiswaan/ | BR27: 46249.707 | BZ27: https://pmb.widyatama.ac.id/organisasi-kemahasiswaan/ | CA27: Indexable | CB27: 0 | CC27: Other | CD27: Main PMB Website | CE27: Yes | CI27: https://pmb.widyatama.ac.id/the-hidden-dangers-of-sugar-2/ | CK27: the-hidden-dangers-of-sugar-2 | CO27: the-hidden-dangers-of-sugar-3 | CP27: =COUNTIF(_xlfn.ANCHORARRAY($CK$2),CO27) -> 1 | CQ27: {=_xlfn.LET( _xlpm.s,LOWER(CO27), _xlfn.SWITCH( TRUE, OR(_xlpm.s="petunjuk-pendaftaran",_xlpm.s="cek-jalur-pendaftaran"),"Admission", OR(_xlpm.s="jenjang-pendidikan",_xlpm.s="output-lulusan"),"Information", OR(_xlpm.s="privacy-policy",_xlpm.s="cookie-policy"),"Policy", _xlpm.s="mahasiswa-internasional","International", OR( _xlpm.s="aktivitas-civitas", _xlpm.s="fasilitas", _xlpm.s="apresiasi-prestasi-mahasiswa", _xlpm.s="asuransi-mahasiswa", _xlpm.s="organisasi-kemahasiswaan" ),"Campus Life", OR( _xlpm.s="register", _xlpm.s="auth", _xlpm.s="homepage/system root" ),"Registration System", _xlpm.s="blog","Content", OR( ISNUMBER(SEARCH("democracy-in-indonesia",_xlpm.s)), ISNUMBER(SEARCH("hidden-dangers-of-sugar",_xlpm.s)), ISNUMBER(SEARCH("rapid-advancement-of-digital-technology",_xlpm.s)), _xlpm.s="2025" ),"Content Review", "Other Review" ) )} -> Content Review | CV27: Campus Life | DG27: Campus Life | DV27: Core PMB Website | DW27: Yes | EA27: P2 - High
A28: https://pmb.widyatama.ac.id/jalur-seleksi-unggulan/ | B28: text/html; charset=UTF-8 | C28: 200 | D28: 0 | E28: Indexable | F28: 0 | G28: Jalur Seleksi Unggulan - PMB UTama | H28: 34 | I28: 330 | J28: 0 | K28: 0 | L28: 0 | M28: 0 | N28: 0 | O28: Jalur Seleksi Beasiswa Unggulan Diploma & Sarjana | P28: 49 | Q28: 0 | R28: 0 | S28: Jalur beasiswa bagi siswa dengan capaian akademik baik dan peluang seleksi yang lebih luas. | T28: 91 | U28: Jalur Unggulan Cocok untuk Calon Mahasiswa dengan Prestasi Baik dan Konsisten | V28: 77 | W28: index, follow, max-image-preview:large, max-snippet:-1, max-video-preview:-1 | X28: 0 | Y28: 0 | Z28: https://pmb.widyatama.ac.id/jalur-seleksi-unggulan/ | AA28: 0 | AB28: 0 | AC28: 0 | AD28: 0 | AE28: 0 | AF28: 176380 | AG28: 38300 | AH28: 811056 | AI28: 287523 | AJ28: B | AK28: 809 | AL28: 164 | AM28: 4933 | AN28: 16105 | AO28: Very Hard | AP28: 3039 | AQ28: 2 | AR28: 1 | AS28: 0 | AT28: 13 | AU28: 8 | AV28: 1 | AW28: 9200 | AX28: 127 | AY28: 35 | AZ28: 0 | BA28: 16 | BB28: 8 | BC28: 3 | BD28: 0 | BE28: 0 | BF28: 0 | BG28: 0 | BH28: 1996915f334b55010d2ae4f3d9ae5f69 | BI28: 0.572 | BJ28: Saturday, 15-Aug-2026 09:57:51 GMT | BK28: 0 | BL28: 0 | BM28: 0 | BN28: en-US | BO28: None | BP28: 0 | BQ28: https://pmb.widyatama.ac.id/jalur-seleksi-unggulan/ | BR28: 46249.707 | BZ28: https://pmb.widyatama.ac.id/jalur-seleksi-unggulan/ | CA28: Indexable | CB28: 0 | CC28: Admission | CD28: Main PMB Website | CE28: Yes | CI28: https://pmb.widyatama.ac.id/the-hidden-dangers-of-sugar/ | CK28: the-hidden-dangers-of-sugar | CO28: the-rapid-advancement-of-digital-technology | CP28: =COUNTIF(_xlfn.ANCHORARRAY($CK$2),CO28) -> 1 | CQ28: {=_xlfn.LET( _xlpm.s,LOWER(CO28), _xlfn.SWITCH( TRUE, OR(_xlpm.s="petunjuk-pendaftaran",_xlpm.s="cek-jalur-pendaftaran"),"Admission", OR(_xlpm.s="jenjang-pendidikan",_xlpm.s="output-lulusan"),"Information", OR(_xlpm.s="privacy-policy",_xlpm.s="cookie-policy"),"Policy", _xlpm.s="mahasiswa-internasional","International", OR( _xlpm.s="aktivitas-civitas", _xlpm.s="fasilitas", _xlpm.s="apresiasi-prestasi-mahasiswa", _xlpm.s="asuransi-mahasiswa", _xlpm.s="organisasi-kemahasiswaan" ),"Campus Life", OR( _xlpm.s="register", _xlpm.s="auth", _xlpm.s="homepage/system root" ),"Registration System", _xlpm.s="blog","Content", OR( ISNUMBER(SEARCH("democracy-in-indonesia",_xlpm.s)), ISNUMBER(SEARCH("hidden-dangers-of-sugar",_xlpm.s)), ISNUMBER(SEARCH("rapid-advancement-of-digital-technology",_xlpm.s)), _xlpm.s="2025" ),"Content Review", "Other Review" ) )} -> Content Review | CV28: Admission | DG28: Admission | DV28: Core PMB Website | DW28: Yes | EA28: P1 - Critical
A29: https://pmb.widyatama.ac.id/jalur-reguler-pendidikan-profesi/ | B29: text/html; charset=UTF-8 | C29: 200 | D29: 0 | E29: Indexable | F29: 0 | G29: Jalur Reguler Pendidikan Profesi - PMB UTama | H29: 44 | I29: 416 | J29: 0 | K29: 0 | L29: 0 | M29: 0 | N29: 0 | O29: Jalur Pendidikan Profesi Program Profesi Akuntan (PPAk) | P29: 55 | Q29: 0 | R29: 0 | S29: Siapkan diri menjadi akuntan profesional dengan kompetensi yang diakui secara formal. | T29: 85 | U29: PPAk Cocok untuk Lulusan S1/D4 yang Ingin Menguatkan Kompetensi Profesi Akuntan | V29: 79 | W29: index, follow, max-image-preview:large, max-snippet:-1, max-video-preview:-1 | X29: 0 | Y29: 0 | Z29: https://pmb.widyatama.ac.id/jalur-reguler-pendidikan-profesi/ | AA29: 0 | AB29: 0 | AC29: 0 | AD29: 0 | AE29: 0 | AF29: 171323 | AG29: 37660 | AH29: 2380837 | AI29: 844019 | AJ29: E | AK29: 822 | AL29: 156 | AM29: 5269 | AN29: 0.000 | AO29: Very Hard | AP29: 3318 | AQ29: 2 | AR29: 1 | AS29: 0 | AT29: 10 | AU29: 5 | AV29: 1 | AW29: 5750 | AX29: 127 | AY29: 33 | AZ29: 1 | BA29: 16 | BB29: 8 | BC29: 3 | BD29: 0 | BE29: 0 | BF29: 0 | BG29: 0 | BH29: 2eca1756c989ea42ac242ed0f86f9af2 | BI29: 0.237 | BJ29: Saturday, 15-Aug-2026 09:57:50 GMT | BK29: 0 | BL29: 0 | BM29: 0 | BN29: en-US | BO29: None | BP29: 0 | BQ29: https://pmb.widyatama.ac.id/jalur-reguler-pendidikan-profesi/ | BR29: 46249.707 | BZ29: https://pmb.widyatama.ac.id/jalur-reguler-pendidikan-profesi/ | CA29: Indexable | CB29: 0 | CC29: Admission | CD29: Main PMB Website | CE29: Yes | CI29: https://pmb.widyatama.ac.id/the-rapid-advancement-of-digital-technology/ | CK29: the-rapid-advancement-of-digital-technology | CO29: the-rapid-advancement-of-digital-technology-2 | CP29: =COUNTIF(_xlfn.ANCHORARRAY($CK$2),CO29) -> 1 | CQ29: {=_xlfn.LET( _xlpm.s,LOWER(CO29), _xlfn.SWITCH( TRUE, OR(_xlpm.s="petunjuk-pendaftaran",_xlpm.s="cek-jalur-pendaftaran"),"Admission", OR(_xlpm.s="jenjang-pendidikan",_xlpm.s="output-lulusan"),"Information", OR(_xlpm.s="privacy-policy",_xlpm.s="cookie-policy"),"Policy", _xlpm.s="mahasiswa-internasional","International", OR( _xlpm.s="aktivitas-civitas", _xlpm.s="fasilitas", _xlpm.s="apresiasi-prestasi-mahasiswa", _xlpm.s="asuransi-mahasiswa", _xlpm.s="organisasi-kemahasiswaan" ),"Campus Life", OR( _xlpm.s="register", _xlpm.s="auth", _xlpm.s="homepage/system root" ),"Registration System", _xlpm.s="blog","Content", OR( ISNUMBER(SEARCH("democracy-in-indonesia",_xlpm.s)), ISNUMBER(SEARCH("hidden-dangers-of-sugar",_xlpm.s)), ISNUMBER(SEARCH("rapid-advancement-of-digital-technology",_xlpm.s)), _xlpm.s="2025" ),"Content Review", "Other Review" ) )} -> Content Review | CV29: Admission | DG29: Admission | DV29: Core PMB Website | DW29: Yes | EA29: P1 - Critical
A30: https://pmb.widyatama.ac.id/jalur-pasca-reguler-maksi/ | B30: text/html; charset=UTF-8 | C30: 200 | D30: 0 | E30: Indexable | F30: 0 | G30: Jalur Pasca Reguler MAKSI - PMB UTama | H30: 37 | I30: 370 | J30: 0 | K30: 0 | L30: 0 | M30: 0 | N30: 0 | O30: Jalur Pascasarjana Reguler Magister Akuntansi (MAKSI) | P30: 53 | Q30: 0 | R30: 0 | S30: Perkuat keahlian audit, perpajakan, keuangan, dan akuntansi manajerial strategis. | T30: 81 | U30: Program MAKSI Cocok untuk Lulusan Sarjana yang Ingin Memperkuat Kompetensi Akuntansi Profesional | V30: 96 | W30: index, follow, max-image-preview:large, max-snippet:-1, max-video-preview:-1 | X30: 0 | Y30: 0 | Z30: https://pmb.widyatama.ac.id/jalur-pasca-reguler-maksi/ | AA30: 0 | AB30: 0 | AC30: 0 | AD30: 0 | AE30: 0 | AF30: 171783 | AG30: 37690 | AH30: 2564397 | AI30: 909092 | AJ30: F | AK30: 817 | AL30: 160 | AM30: 5106 | AN30: 0.000 | AO30: Very Hard | AP30: 3347 | AQ30: 2 | AR30: 1 | AS30: 0 | AT30: 10 | AU30: 5 | AV30: 1 | AW30: 5750 | AX30: 127 | AY30: 33 | AZ30: 1 | BA30: 16 | BB30: 8 | BC30: 3 | BD30: 0 | BE30: 0 | BF30: 0 | BG30: 0 | BH30: 81b5055f1f40c4d9e8fd6b3192455263 | BI30: 20578 | BJ30: Saturday, 15-Aug-2026 09:58:21 GMT | BK30: 0 | BL30: 0 | BM30: 0 | BN30: en-US | BO30: 2.0 | BP30: 0 | BQ30: https://pmb.widyatama.ac.id/jalur-pasca-reguler-maksi/ | BR30: 46249.707 | BZ30: https://pmb.widyatama.ac.id/jalur-pasca-reguler-maksi/ | CA30: Indexable | CB30: 0 | CC30: Admission | CD30: Main PMB Website | CE30: Yes | CI30: https://pmb.widyatama.ac.id/the-rapid-advancement-of-digital-technology-2/ | CK30: the-rapid-advancement-of-digital-technology-2 | CV30: Admission | DG30: Admission | DV30: Core PMB Website | DW30: Yes | EA30: P1 - Critical
A31: https://pmb.widyatama.ac.id/jalur-pasca-reguler-mm/ | B31: text/html; charset=UTF-8 | C31: 200 | D31: 0 | E31: Indexable | F31: 0 | G31: Jalur Pasca Reguler MM - PMB UTama | H31: 34 | I31: 345 | J31: 0 | K31: 0 | L31: 0 | M31: 0 | N31: 0 | O31: Jalur Pascasarjana Reguler Magister Manajemen (MM) | P31: 50 | Q31: 0 | R31: 0 | S31: Perkuat kompetensi manajerial, kepemimpinan, dan keputusan bisnis strategis. | T31: 76 | U31: Program MM Cocok untuk Lulusan Sarjana yang Ingin Naik Kelas secara Manajerial | V31: 78 | W31: index, follow, max-image-preview:large, max-snippet:-1, max-video-preview:-1 | X31: 0 | Y31: 0 | Z31: https://pmb.widyatama.ac.id/jalur-pasca-reguler-mm/ | AA31: 0 | AB31: 0 | AC31: 0 | AD31: 0 | AE31: 0 | AF31: 173579 | AG31: 38103 | AH31: 2273050 | AI31: 805808 | AJ31: E | AK31: 791 | AL31: 159 | AM31: 4975 | AN31: 0.000 | AO31: Very Hard | AP31: 3217 | AQ31: 2 | AR31: 1 | AS31: 0 | AT31: 10 | AU31: 5 | AV31: 1 | AW31: 5750 | AX31: 127 | AY31: 33 | AZ31: 1 | BA31: 16 | BB31: 8 | BC31: 3 | BD31: 0 | BE31: 0 | BF31: 0 | BG31: 0 | BH31: ac878136340036da068952bef56c350c | BI31: 3642 | BJ31: Saturday, 15-Aug-2026 09:58:21 GMT | BK31: 0 | BL31: 0 | BM31: 0 | BN31: en-US | BO31: None | BP31: 0 | BQ31: https://pmb.widyatama.ac.id/jalur-pasca-reguler-mm/ | BR31: 46249.707 | BZ31: https://pmb.widyatama.ac.id/jalur-pasca-reguler-mm/ | CA31: Indexable | CB31: 0 | CC31: Admission | CD31: Main PMB Website | CE31: Yes | CI31: https://pmb.widyatama.ac.id/democracy-in-indonesia-why-it-feels-weak-at-the-grassroots-3/ | CK31: democracy-in-indonesia-why-it-feels-weak-at-the-grassroots-3 | CV31: Admission | DG31: Admission | DV31: Core PMB Website | DW31: Yes | EA31: P1 - Critical
A32: https://pmb.widyatama.ac.id/jalur-seleksi-mandiri/ | B32: text/html; charset=UTF-8 | C32: 200 | D32: 0 | E32: Indexable | F32: 0 | G32: Jalur Seleksi Mandiri - PMB UTama | H32: 33 | I32: 313 | J32: 0 | K32: 0 | L32: 0 | M32: 0 | N32: 0 | O32: Jalur Seleksi Beasiswa Mandiri Diploma & Sarjana | P32: 48 | Q32: 0 | R32: 0 | S32: Kesempatan strategis bagi calon mahasiswa yang ingin tetap bergabung pada tahun akademik berjalan. | T32: 98 | U32: Jalur Mandiri Cocok untuk Calon Mahasiswa yang Masih Ingin Bergabung di Tahap Akhir PMB | V32: 87 | W32: index, follow, max-image-preview:large, max-snippet:-1, max-video-preview:-1 | X32: 0 | Y32: 0 | Z32: https://pmb.widyatama.ac.id/jalur-seleksi-mandiri/ | AA32: 0 | AB32: 0 | AC32: 0 | AD32: 0 | AE32: 0 | AF32: 177253 | AG32: 37712 | AH32: 2741274 | AI32: 971795 | AJ32: F | AK32: 828 | AL32: 168 | AM32: 4929 | AN32: 16183 | AO32: Very Hard | AP32: 3061 | AQ32: 2 | AR32: 1 | AS32: 0 | AT32: 13 | AU32: 8 | AV32: 1 | AW32: 9200 | AX32: 129 | AY32: 35 | AZ32: 0 | BA32: 16 | BB32: 8 | BC32: 3 | BD32: 0 | BE32: 0 | BF32: 0 | BG32: 0 | BH32: f642e847b9453ecc9a95b1a008a327b8 | BI32: 0.324 | BJ32: Saturday, 15-Aug-2026 09:59:16 GMT | BK32: 0 | BL32: 0 | BM32: 0 | BN32: en-US | BO32: 2.0 | BP32: 0 | BQ32: https://pmb.widyatama.ac.id/jalur-seleksi-mandiri/ | BR32: 46249.708 | BZ32: https://pmb.widyatama.ac.id/jalur-seleksi-mandiri/ | CA32: Indexable | CB32: 0 | CC32: Admission | CD32: Main PMB Website | CE32: Yes | CI32: https://online.pmb.widyatama.ac.id/register/rpl | CK32: register | CV32: Admission | DG32: Admission | DV32: Core PMB Website | DW32: Yes | EA32: P1 - Critical
A33: https://pmb.widyatama.ac.id/jalur-seleksi-pmdk/ | B33: text/html; charset=UTF-8 | C33: 200 | D33: 0 | E33: Indexable | F33: 0 | G33: Jalur Seleksi PMDK - PMB UTama | H33: 30 | I33: 302 | J33: 0 | K33: 0 | L33: 0 | M33: 0 | N33: 0 | O33: Jalur Seleksi Beasiswa PMDK Diploma & Sarjana | P33: 45 | Q33: 0 | R33: 0 | S33: Seleksi berbasis rekam jejak akademik, tanpa tes tertulis. | T33: 58 | U33: Jalur PMDK Cocok untuk Siswa dengan Prestasi Akademik Stabil | V33: 60 | W33: index, follow, max-image-preview:large, max-snippet:-1, max-video-preview:-1 | X33: 0 | Y33: 0 | Z33: https://pmb.widyatama.ac.id/jalur-seleksi-pmdk/ | AA33: 0 | AB33: 0 | AC33: 0 | AD33: 0 | AE33: 0 | AF33: 176604 | AG33: 38156 | AH33: 3323941 | AI33: 1178354 | AJ33: F | AK33: 776 | AL33: 157 | AM33: 4943 | AN33: 22806 | AO33: Very Hard | AP33: 2908 | AQ33: 2 | AR33: 1 | AS33: 0 | AT33: 13 | AU33: 8 | AV33: 1 | AW33: 9200 | AX33: 129 | AY33: 35 | AZ33: 0 | BA33: 16 | BB33: 8 | BC33: 3 | BD33: 0 | BE33: 0 | BF33: 0 | BG33: 0 | BH33: 10ba975958da0bb9be83f54a2a27d928 | BI33: 0.422 | BJ33: Saturday, 15-Aug-2026 09:59:15 GMT | BK33: 0 | BL33: 0 | BM33: 0 | BN33: en-US | BO33: None | BP33: 0 | BQ33: https://pmb.widyatama.ac.id/jalur-seleksi-pmdk/ | BR33: 46249.708 | BZ33: https://pmb.widyatama.ac.id/jalur-seleksi-pmdk/ | CA33: Indexable | CB33: 0 | CC33: Admission | CD33: Main PMB Website | CE33: Yes | CI33: https://online.pmb.widyatama.ac.id/register/reg | CK33: register | CV33: Admission | DG33: Admission | DV33: Core PMB Website | DW33: Yes | EA33: P1 - Critical
A34: https://pmb.widyatama.ac.id/jalur-seleksi-utama/ | B34: text/html; charset=UTF-8 | C34: 200 | D34: 0 | E34: Indexable | F34: 0 | G34: Jalur Seleksi UTama - PMB UTama | H34: 31 | I34: 310 | J34: 0 | K34: 0 | L34: 0 | M34: 0 | N34: 0 | O34: Jalur Seleksi Beasiswa UTama Diploma & Sarjana | P34: 46 | Q34: 0 | R34: 0 | S34: Beasiswa penuh untuk siswa dengan capaian akademik tertinggi. | T34: 61 | U34: Jalur UTama Ditujukan bagi Calon Mahasiswa dengan Prestasi Akademik Sangat Tinggi | V34: 81 | W34: index, follow, max-image-preview:large, max-snippet:-1, max-video-preview:-1 | X34: 0 | Y34: 0 | Z34: https://pmb.widyatama.ac.id/jalur-seleksi-utama/ | AA34: 0 | AB34: 0 | AC34: 0 | AD34: 0 | AE34: 0 | AF34: 173836 | AG34: 38024 | AH34: 3163009 | AI34: 1121303 | AJ34: F | AK34: 780 | AL34: 156 | AM34: 5000 | AN34: 6963 | AO34: Very Hard | AP34: 3012 | AQ34: 2 | AR34: 1 | AS34: 0 | AT34: 13 | AU34: 8 | AV34: 1 | AW34: 9200 | AX34: 127 | AY34: 35 | AZ34: 0 | BA34: 16 | BB34: 8 | BC34: 3 | BD34: 0 | BE34: 0 | BF34: 0 | BG34: 0 | BH34: 7aae4c375f577f690baf8d20f7c69fbc | BI34: 0.415 | BJ34: Saturday, 15-Aug-2026 09:59:17 GMT | BK34: 0 | BL34: 0 | BM34: 0 | BN34: en-US | BO34: None | BP34: 0 | BQ34: https://pmb.widyatama.ac.id/jalur-seleksi-utama/ | BR34: 46249.708 | BZ34: https://pmb.widyatama.ac.id/jalur-seleksi-utama/ | CA34: Indexable | CB34: 0 | CC34: Admission | CD34: Main PMB Website | CE34: Yes | CI34: https://online.pmb.widyatama.ac.id/register/sps | CK34: register | CV34: Admission | DG34: Admission | DV34: Core PMB Website | DW34: Yes | EA34: P1 - Critical
A35: https://pmb.widyatama.ac.id/jalur-doktoral-reguler/ | B35: text/html; charset=UTF-8 | C35: 200 | D35: 0 | E35: Indexable | F35: 0 | G35: Jalur Doktoral Reguler - PMB UTama | H35: 34 | I35: 323 | J35: 0 | K35: 0 | L35: 0 | M35: 0 | N35: 0 | O35: Jalur Doktoral Reguler Universitas Widyatama | P35: 44 | Q35: 0 | R35: 0 | S35: Bangun kontribusi ilmiah melalui penelitian yang terstruktur, mendalam, dan berdampak. | T35: 86 | U35: Jalur Doktoral Cocok untuk Lulusan Magister yang Siap Mengembangkan Riset Mandiri | V35: 81 | W35: index, follow, max-image-preview:large, max-snippet:-1, max-video-preview:-1 | X35: 0 | Y35: 0 | Z35: https://pmb.widyatama.ac.id/jalur-doktoral-reguler/ | AA35: 0 | AB35: 0 | AC35: 0 | AD35: 0 | AE35: 0 | AF35: 171868 | AG35: 37542 | AH35: 2797898 | AI35: 991869 | AJ35: F | AK35: 828 | AL35: 168 | AM35: 4929 | AN35: 0.000 | AO35: Very Hard | AP35: 3395 | AQ35: 2 | AR35: 1 | AS35: 0 | AT35: 10 | AU35: 5 | AV35: 1 | AW35: 5750 | AX35: 127 | AY35: 33 | AZ35: 1 | BA35: 16 | BB35: 8 | BC35: 3 | BD35: 0 | BE35: 0 | BF35: 0 | BG35: 0 | BH35: 3de904ab07eebaf17ea60b500da2c80d | BI35: 4114 | BJ35: Saturday, 15-Aug-2026 09:59:20 GMT | BK35: 0 | BL35: 0 | BM35: 0 | BN35: en-US | BO35: 2.0 | BP35: 0 | BQ35: https://pmb.widyatama.ac.id/jalur-doktoral-reguler/ | BR35: 46249.708 | BZ35: https://pmb.widyatama.ac.id/jalur-doktoral-reguler/ | CA35: Indexable | CB35: 0 | CC35: Admission | CD35: Main PMB Website | CE35: Yes | CI35: https://online.pmb.widyatama.ac.id/hasil | CK35: hasil | CV35: Admission | DG35: Admission | DV35: Core PMB Website | DW35: Yes | EA35: P1 - Critical
A36: https://pmb.widyatama.ac.id/jalur-seleksi-reguler/ | B36: text/html; charset=UTF-8 | C36: 200 | D36: 0 | E36: Indexable | F36: 0 | G36: Jalur Seleksi Reguler - PMB UTama | H36: 33 | I36: 312 | J36: 0 | K36: 0 | L36: 0 | M36: 0 | N36: 0 | O36: Jalur Seleksi Reguler | P36: 21 | Q36: Jalur Seleksi Reguler Universitas Widyatama | R36: 43 | S36: Jalur utama dengan pilihan metode seleksi yang fleksibel. | T36: 57 | U36: Jalur Reguler Cocok untuk Calon Mahasiswa yang Ingin Proses Seleksi Lebih Fleksibel | V36: 83 | W36: index, follow, max-image-preview:large, max-snippet:-1, max-video-preview:-1 | X36: 0 | Y36: 0 | Z36: https://pmb.widyatama.ac.id/jalur-seleksi-reguler/ | AA36: 0 | AB36: 0 | AC36: 0 | AD36: 0 | AE36: 0 | AF36: 174443 | AG36: 37348 | AH36: 2559348 | AI36: 907302 | AJ36: F | AK36: 746 | AL36: 155 | AM36: 4813 | AN36: 16193 | AO36: Very Hard | AP36: 2901 | AQ36: 2 | AR36: 1 | AS36: 0 | AT36: 13 | AU36: 8 | AV36: 1 | AW36: 9200 | AX36: 129 | AY36: 35 | AZ36: 0 | BA36: 16 | BB36: 9 | BC36: 3 | BD36: 0 | BE36: 0 | BF36: 0 | BG36: 0 | BH36: c8221f55253f18672aeca85225f26ded | BI36: 0.153 | BJ36: Saturday, 15-Aug-2026 09:59:17 GMT | BK36: 0 | BL36: 0 | BM36: 0 | BN36: en-US | BO36: 2.0 | BP36: 0 | BQ36: https://pmb.widyatama.ac.id/jalur-seleksi-reguler/ | BR36: 46249.708 | BZ36: https://pmb.widyatama.ac.id/jalur-seleksi-reguler/ | CA36: Indexable | CB36: 0 | CC36: Admission | CD36: Main PMB Website | CE36: Yes | CI36: https://online.pmb.widyatama.ac.id/auth/forgot_password | CK36: auth | CV36: Admission | DG36: Admission | DV36: Core PMB Website | DW36: Yes | EA36: P1 - Critical
A37: https://pmb.widyatama.ac.id/jalur-seleksi-khusus/ | B37: text/html; charset=UTF-8 | C37: 200 | D37: 0 | E37: Indexable | F37: 0 | G37: Jalur Seleksi Khusus - PMB UTama | H37: 32 | I37: 313 | J37: 0 | K37: 0 | L37: 0 | M37: 0 | N37: 0 | O37: Jalur Seleksi Beasiswa Khusus Diploma & Sarjana | P37: 47 | Q37: 0 | R37: 0 | S37: Temukan kategori beasiswa yang paling sesuai dengan latar belakang atau prestasi Anda. | T37: 86 | U37: Jalur Khusus Cocok untuk Calon Mahasiswa dengan Kriteria atau Latar Belakang Tertentu | V37: 85 | W37: index, follow, max-image-preview:large, max-snippet:-1, max-video-preview:-1 | X37: 0 | Y37: 0 | Z37: https://pmb.widyatama.ac.id/jalur-seleksi-khusus/ | AA37: 0 | AB37: 0 | AC37: 0 | AD37: 0 | AE37: 0 | AF37: 183632 | AG37: 39111 | AH37: 3027622 | AI37: 1073307 | AJ37: F | AK37: 1171 | AL37: 220 | AM37: 5323 | AN37: 4996 | AO37: Very Hard | AP37: 3966 | AQ37: 2 | AR37: 1 | AS37: 0 | AT37: 13 | AU37: 8 | AV37: 1 | AW37: 9200 | AX37: 129 | AY37: 35 | AZ37: 0 | BA37: 16 | BB37: 8 | BC37: 3 | BD37: 0 | BE37: 0 | BF37: 0 | BG37: 0 | BH37: a68ac334863a6abb09583bad6224ca3b | BI37: 0.133 | BJ37: Saturday, 15-Aug-2026 09:59:35 GMT | BK37: 0 | BL37: 0 | BM37: 0 | BN37: en-US | BO37: None | BP37: 0 | BQ37: https://pmb.widyatama.ac.id/jalur-seleksi-khusus/ | BR37: 46249.708 | BZ37: https://pmb.widyatama.ac.id/jalur-seleksi-khusus/ | CA37: Indexable | CB37: 0 | CC37: Admission | CD37: Main PMB Website | CE37: Yes | CI37: https://pmb.widyatama.ac.id/category/science-and-technology/ | CK37: category | CV37: Admission | DG37: Admission | DV37: Core PMB Website | DW37: Yes | EA37: P1 - Critical
A38: https://pmb.widyatama.ac.id/jalur-seleksi-prioritas/ | B38: text/html; charset=UTF-8 | C38: 200 | D38: 0 | E38: Indexable | F38: 0 | G38: Jalur Seleksi Prioritas - PMB UTama | H38: 35 | I38: 320 | J38: 0 | K38: 0 | L38: 0 | M38: 0 | N38: 0 | O38: Jalur Seleksi Beasiswa Prioritas Diploma & Sarjana | P38: 50 | Q38: 0 | R38: 0 | S38: Jalur strategis untuk siswa unggul yang ingin mengamankan kursi lebih dini. | T38: 75 | U38: Jalur Prioritas Cocok untuk Calon Mahasiswa Unggul yang Ingin Kepastian Lebih Awal | V38: 82 | W38: index, follow, max-image-preview:large, max-snippet:-1, max-video-preview:-1 | X38: 0 | Y38: 0 | Z38: https://pmb.widyatama.ac.id/jalur-seleksi-prioritas/ | AA38: 0 | AB38: 0 | AC38: 0 | AD38: 0 | AE38: 0 | AF38: 176659 | AG38: 37812 | AH38: 2187451 | AI38: 775462 | AJ38: E | AK38: 828 | AL38: 168 | AM38: 4929 | AN38: 14241 | AO38: Very Hard | AP38: 3102 | AQ38: 2 | AR38: 1 | AS38: 0 | AT38: 13 | AU38: 8 | AV38: 1 | AW38: 9200 | AX38: 127 | AY38: 35 | AZ38: 0 | BA38: 16 | BB38: 8 | BC38: 3 | BD38: 0 | BE38: 0 | BF38: 0 | BG38: 0 | BH38: 5af8da9339be00b734e11f8923f5fb4 | BI38: 2343 | BJ38: Saturday, 15-Aug-2026 09:59:41 GMT | BK38: 0 | BL38: 0 | BM38: 0 | BN38: en-US | BO38: 2.0 | BP38: 0 | BQ38: https://pmb.widyatama.ac.id/jalur-seleksi-prioritas/ | BR38: 46249.708 | BZ38: https://pmb.widyatama.ac.id/jalur-seleksi-prioritas/ | CA38: Indexable | CB38: 0 | CC38: Admission | CD38: Main PMB Website | CE38: Yes | CI38: https://pmb.widyatama.ac.id/category/medicine/ | CK38: category | CV38: Admission | DG38: Admission | DV38: Core PMB Website | DW38: Yes | EA38: P1 - Critical
